t,station,observed,crispnet,baseline
2023-05-23 08:00:00,9,278.0,313.3734,347.83337
2023-05-23 08:10:00,9,300.0,328.13354,374.1469
2023-05-23 08:20:00,9,312.0,346.2807,394.8647
2023-05-23 08:30:00,9,268.0,325.71014,402.9853
2023-05-23 08:40:00,9,277.0,315.6977,390.98102
2023-05-23 08:50:00,9,276.0,322.534,354.0489
2023-05-23 09:00:00,9,284.0,355.3203,331.2713
2023-05-23 09:10:00,9,305.0,362.4942,332.11737
2023-05-23 09:20:00,9,316.0,358.05414,346.01697
2023-05-23 09:30:00,9,333.0,363.50555,353.73083
2023-05-23 09:40:00,9,321.0,367.18573,359.5716
2023-05-23 09:50:00,9,274.0,369.78656,366.17145
2023-05-23 10:00:00,9,305.0,362.61865,360.20343
2023-05-23 10:10:00,9,316.0,369.4452,357.40704
2023-05-23 10:20:00,9,367.0,371.62958,343.87714
2023-05-23 10:30:00,9,333.0,379.73737,361.02124
2023-05-23 10:40:00,9,360.0,388.14557,378.39362
2023-05-23 10:50:00,9,371.0,395.89886,379.44275
2023-05-23 11:00:00,9,360.0,404.12744,396.4525
2023-05-23 11:10:00,9,382.0,422.3316,410.354
2023-05-23 11:20:00,9,390.0,443.7202,427.28253
2023-05-23 11:30:00,9,407.0,481.87823,460.30463
2023-05-23 11:40:00,9,434.0,501.50684,480.6121
2023-05-23 11:50:00,9,438.0,528.21643,503.56082
2023-05-23 12:00:00,9,540.0,550.7449,515.9602
2023-05-23 12:10:00,9,540.0,600.65326,552.9077
2023-05-23 12:20:00,9,592.0,645.7973,582.7983
2023-05-23 12:30:00,9,628.0,683.1408,627.9212
2023-05-23 12:40:00,9,633.0,712.3795,659.4685
2023-05-23 12:50:00,9,662.0,720.8373,677.81775
2023-05-23 13:00:00,9,650.0,729.9134,699.1843
2023-05-23 13:10:00,9,775.0,727.983,706.1741
2023-05-23 13:20:00,9,736.0,742.4775,740.2444
2023-05-23 13:30:00,9,860.0,746.9417,748.71954
2023-05-23 13:40:00,9,863.0,773.4987,770.1946
2023-05-23 13:50:00,9,814.0,790.3574,786.53894
2023-05-23 14:00:00,9,904.0,782.3597,781.76074
2023-05-23 14:10:00,9,760.0,795.2939,793.7221
2023-05-23 14:20:00,9,669.0,782.91,773.7027
2023-05-23 14:30:00,9,737.0,750.5463,743.8846
2023-05-23 14:40:00,9,740.0,742.6245,737.03296
2023-05-23 14:50:00,9,713.0,744.5686,741.09595
2023-05-23 15:00:00,9,813.0,744.3488,733.8539
2023-05-23 15:10:00,9,812.0,766.1368,754.37
2023-05-23 15:20:00,9,751.0,793.02625,780.41504
2023-05-23 15:30:00,9,852.0,798.0351,776.2212
2023-05-23 15:40:00,9,906.0,823.2948,797.46423
2023-05-23 15:50:00,9,757.0,857.6444,818.17065
2023-05-23 16:00:00,9,854.0,839.3304,792.67377
2023-05-23 16:10:00,9,967.0,874.175,813.98004
2023-05-23 16:20:00,9,869.0,959.1733,894.71826
2023-05-23 16:30:00,9,822.0,1000.0184,945.34546
2023-05-23 16:40:00,9,955.0,1021.2746,968.0235
2023-05-23 16:50:00,9,919.0,1137.8278,1084.7474
2023-05-23 17:00:00,9,1106.0,1205.217,1155.2351
2023-05-23 17:10:00,9,1332.0,1275.1864,1260.9976
2023-05-23 17:20:00,9,1073.0,1476.4331,1496.2646
2023-05-23 17:30:00,9,1902.0,1734.1074,1719.5752
2023-05-23 17:40:00,9,2271.0,2133.3057,2305.2983
2023-05-23 17:50:00,9,1774.0,2071.1978,2258.3032
2023-05-23 18:00:00,9,2192.0,2268.4648,2604.1265
2023-05-23 18:10:00,9,3024.0,2378.935,2627.5027
2023-05-23 18:20:00,9,1977.0,2183.434,2281.7095
2023-05-23 18:30:00,9,1638.0,1812.8289,1917.3577
2023-05-23 18:40:00,9,1509.0,1619.204,1628.1508
2023-05-23 18:50:00,9,1440.0,1435.4604,1374.809
2023-05-23 19:00:00,9,1315.0,1250.2561,1197.1522
2023-05-23 19:10:00,9,1275.0,1168.2213,1111.2269
2023-05-23 19:20:00,9,1312.0,1130.1807,1077.8135
2023-05-23 19:30:00,9,1178.0,1136.6674,1095.0697
2023-05-23 19:40:00,9,1148.0,1146.5588,1128.672
2023-05-23 19:50:00,9,1214.0,1149.3207,1131.1539
2023-05-23 20:00:00,9,1352.0,1157.5116,1146.8655
2023-05-23 20:10:00,9,1356.0,1192.4843,1198.1953
2023-05-23 20:20:00,9,1124.0,1300.6376,1285.6562
2023-05-23 20:30:00,9,1231.0,1254.7397,1256.7959
2023-05-23 20:40:00,9,1112.0,1247.5432,1268.2949
2023-05-23 20:50:00,9,1196.0,1195.8462,1213.6318
2023-05-23 21:00:00,9,1254.0,1181.4922,1175.571
2023-05-23 21:10:00,9,1176.0,1190.8574,1154.3535
2023-05-23 21:20:00,9,1045.0,1159.864,1117.2124
2023-05-23 21:30:00,9,1115.0,1056.6567,1014.04004
2023-05-23 21:40:00,9,863.0,1010.8209,930.7052
2023-05-23 21:50:00,9,748.0,885.51434,780.2757
2023-05-23 22:00:00,9,1224.0,728.556,643.57153
2023-05-23 22:10:00,9,1339.0,740.69525,660.37427
2023-05-23 22:20:00,9,561.0,761.1807,700.254
2023-05-23 22:30:00,9,400.0,523.1536,475.0887
2023-05-23 22:40:00,9,259.0,325.85205,323.88208
2023-05-23 22:50:00,9,163.0,205.14185,218.52777
2023-05-23 23:00:00,9,159.0,115.19678,138.94977
2023-05-24 08:00:00,9,265.0,297.38568,346.19598
2023-05-24 08:10:00,9,296.0,322.0052,359.57788
2023-05-24 08:20:00,9,283.0,336.54846,386.8092
2023-05-24 08:30:00,9,312.0,334.2787,388.68408
2023-05-24 08:40:00,9,241.0,320.5664,382.73944
2023-05-24 08:50:00,9,311.0,324.01715,339.0714
2023-05-24 09:00:00,9,260.0,350.00677,317.74872
2023-05-24 09:10:00,9,254.0,358.18774,316.41956
2023-05-24 09:20:00,9,257.0,346.83887,320.93445
2023-05-24 09:30:00,9,217.0,339.623,334.1797
2023-05-24 09:40:00,9,335.0,331.0882,315.7751
2023-05-24 09:50:00,9,286.0,338.8329,328.22046
2023-05-24 10:00:00,9,315.0,340.60156,331.062
2023-05-24 10:10:00,9,329.0,352.39893,335.39355
2023-05-24 10:20:00,9,312.0,355.89874,339.58777
2023-05-24 10:30:00,9,347.0,363.63098,348.93524
2023-05-24 10:40:00,9,359.0,374.51428,370.64618
2023-05-24 10:50:00,9,340.0,385.30792,367.4859
2023-05-24 11:00:00,9,375.0,393.07953,377.63965
2023-05-24 11:10:00,9,361.0,418.85614,401.79712
2023-05-24 11:20:00,9,396.0,443.7799,421.0376
2023-05-24 11:30:00,9,424.0,466.9656,452.82898
2023-05-24 11:40:00,9,455.0,482.67322,470.1572
2023-05-24 11:50:00,9,435.0,507.1405,496.77908
2023-05-24 12:00:00,9,546.0,537.7118,514.13416
2023-05-24 12:10:00,9,500.0,586.75256,557.8613
2023-05-24 12:20:00,9,572.0,615.58936,588.1376
2023-05-24 12:30:00,9,628.0,646.2009,622.6848
2023-05-24 12:40:00,9,564.0,684.1769,662.41077
2023-05-24 12:50:00,9,653.0,677.65466,664.0845
2023-05-24 13:00:00,9,657.0,683.4164,680.568
2023-05-24 13:10:00,9,699.0,692.3885,695.93933
2023-05-24 13:20:00,9,797.0,710.10406,714.9166
2023-05-24 13:30:00,9,830.0,737.68115,742.9789
2023-05-24 13:40:00,9,794.0,754.53735,760.3638
2023-05-24 13:50:00,9,798.0,758.202,764.56635
2023-05-24 14:00:00,9,828.0,754.54785,767.1862
2023-05-24 14:10:00,9,773.0,766.1249,773.9363
2023-05-24 14:20:00,9,770.0,762.7918,765.65894
2023-05-24 14:30:00,9,717.0,758.99384,755.12177
2023-05-24 14:40:00,9,746.0,742.4951,745.778
2023-05-24 14:50:00,9,676.0,735.9581,741.4943
2023-05-24 15:00:00,9,808.0,732.98315,735.26904
2023-05-24 15:10:00,9,831.0,756.6803,755.7138
2023-05-24 15:20:00,9,776.0,789.3703,784.397
2023-05-24 15:30:00,9,822.0,809.68085,788.99036
2023-05-24 15:40:00,9,767.0,828.7262,800.21515
2023-05-24 15:50:00,9,818.0,821.8894,788.30273
2023-05-24 16:00:00,9,863.0,836.0288,793.4288
2023-05-24 16:10:00,9,967.0,871.07776,836.8518
2023-05-24 16:20:00,9,885.0,966.9614,951.26355
2023-05-24 16:30:00,9,861.0,1004.22125,995.58
2023-05-24 16:40:00,9,975.0,1061.5616,1043.3131
2023-05-24 16:50:00,9,984.0,1178.874,1151.246
2023-05-24 17:00:00,9,1130.0,1329.1652,1276.0948
2023-05-24 17:10:00,9,1351.0,1443.4868,1388.1094
2023-05-24 17:20:00,9,1179.0,1582.8193,1566.7637
2023-05-24 17:30:00,9,1901.0,1912.2542,1912.8555
2023-05-24 17:40:00,9,2291.0,2186.3022,2420.1255
2023-05-24 17:50:00,9,1798.0,2052.7866,2314.2676
2023-05-24 18:00:00,9,2210.0,2187.7285,2553.7744
2023-05-24 18:10:00,9,3092.0,2292.4905,2567.8809
2023-05-24 18:20:00,9,1882.0,2145.8547,2265.075
2023-05-24 18:30:00,9,1729.0,1778.0334,1830.1077
2023-05-24 18:40:00,9,1638.0,1581.9247,1576.2556
2023-05-24 18:50:00,9,1340.0,1415.768,1411.2659
2023-05-24 19:00:00,9,1366.0,1237.2593,1232.8708
2023-05-24 19:10:00,9,1426.0,1166.5261,1153.302
2023-05-24 19:20:00,9,1128.0,1165.3529,1149.5005
2023-05-24 19:30:00,9,1207.0,1118.0045,1107.6135
2023-05-24 19:40:00,9,1171.0,1143.6672,1133.4565
2023-05-24 19:50:00,9,1220.0,1140.2815,1131.0901
2023-05-24 20:00:00,9,1318.0,1134.5208,1135.016
2023-05-24 20:10:00,9,1394.0,1164.2202,1172.0615
2023-05-24 20:20:00,9,1204.0,1292.6771,1266.9552
2023-05-24 20:30:00,9,1204.0,1250.8652,1250.2943
2023-05-24 20:40:00,9,1292.0,1224.603,1231.0889
2023-05-24 20:50:00,9,1190.0,1226.2065,1226.7024
2023-05-24 21:00:00,9,1197.0,1180.4436,1164.8654
2023-05-24 21:10:00,9,1240.0,1140.5533,1120.977
2023-05-24 21:20:00,9,1068.0,1111.327,1104.757
2023-05-24 21:30:00,9,1128.0,1028.5051,987.1895
2023-05-24 21:40:00,9,937.0,976.4224,918.88544
2023-05-24 21:50:00,9,765.0,864.97253,809.7683
2023-05-24 22:00:00,9,1158.0,708.972,667.2673
2023-05-24 22:10:00,9,1356.0,705.1731,671.83795
2023-05-24 22:20:00,9,499.00003,750.4249,717.0151
2023-05-24 22:30:00,9,353.0,484.98203,479.34003
2023-05-24 22:40:00,9,329.0,282.53815,316.87683
2023-05-24 22:50:00,9,159.0,198.58435,241.09851
2023-05-24 23:00:00,9,148.0,110.66211,155.75476
2023-05-25 08:00:00,9,292.0,299.70935,359.24957
2023-05-25 08:10:00,9,297.0,315.6001,392.71356
2023-05-25 08:20:00,9,279.0,341.75677,385.0578
2023-05-25 08:30:00,9,282.0,321.3916,371.7279
2023-05-25 08:40:00,9,277.0,306.44116,370.6731
2023-05-25 08:50:00,9,316.0,320.1786,335.4558
2023-05-25 09:00:00,9,278.0,354.91943,322.72375
2023-05-25 09:10:00,9,309.0,369.52667,336.7729
2023-05-25 09:20:00,9,286.0,360.94623,353.2245
2023-05-25 09:30:00,9,319.0,358.7224,361.9685
2023-05-25 09:40:00,9,284.0,362.38867,369.0078
2023-05-25 09:50:00,9,294.0,356.89594,365.75916
2023-05-25 10:00:00,9,315.0,355.60846,363.2063
2023-05-25 10:10:00,9,307.0,364.83508,365.29688
2023-05-25 10:20:00,9,379.0,366.4264,354.68158
2023-05-25 10:30:00,9,357.0,376.72778,377.35156
2023-05-25 10:40:00,9,382.0,392.47516,398.26093
2023-05-25 10:50:00,9,335.0,406.30615,396.26605
2023-05-25 11:00:00,9,373.0,410.67743,399.82306
2023-05-25 11:10:00,9,429.0,429.24457,408.91248
2023-05-25 11:20:00,9,373.0,459.24957,440.17554
2023-05-25 11:30:00,9,391.0,489.2749,463.81552
2023-05-25 11:40:00,9,439.0,495.79016,476.52573
2023-05-25 11:50:00,9,477.0,533.4888,503.13748
2023-05-25 12:00:00,9,518.0,569.18365,516.3642
2023-05-25 12:10:00,9,536.0,626.5991,552.1532
2023-05-25 12:20:00,9,595.0,660.5914,587.66504
2023-05-25 12:30:00,9,586.0,697.69104,633.6564
2023-05-25 12:40:00,9,644.0,710.46045,655.2062
2023-05-25 12:50:00,9,710.0,727.1716,687.3484
2023-05-25 13:00:00,9,737.0,746.7599,722.94995
2023-05-25 13:10:00,9,762.0,752.1455,747.8898
2023-05-25 13:20:00,9,814.0,772.01447,773.23145
2023-05-25 13:30:00,9,797.0,789.5891,792.1209
2023-05-23 08:00:00,44,505.0,785.9087,1093.3701
2023-05-23 08:10:00,44,1193.0,792.75775,992.71075
2023-05-23 08:20:00,44,744.0,915.6788,1073.2612
2023-05-23 08:30:00,44,1113.0,884.58356,946.8998
2023-05-23 08:40:00,44,943.0,878.85425,940.77496
2023-05-23 08:50:00,44,1194.0,826.53253,839.0953
2023-05-23 09:00:00,44,869.0,822.2777,829.74756
2023-05-23 09:10:00,44,698.0,783.74927,781.3858
2023-05-23 09:20:00,44,735.0,746.88074,741.14923
2023-05-23 09:30:00,44,656.0,724.5485,756.7879
2023-05-23 09:40:00,44,1073.0,700.6026,741.6224
2023-05-23 09:50:00,44,896.0,760.8045,800.0596
2023-05-23 10:00:00,44,905.0,767.75525,814.624
2023-05-23 10:10:00,44,613.0,773.4989,822.45264
2023-05-23 10:20:00,44,764.0,734.89075,776.07385
2023-05-23 10:30:00,44,872.0,714.2676,735.7466
2023-05-23 10:40:00,44,902.0,733.46094,749.03815
2023-05-23 10:50:00,44,599.0,767.09796,784.7818
2023-05-23 11:00:00,44,572.0,745.20544,761.5253
2023-05-23 11:10:00,44,993.0,717.0019,718.6847
2023-05-23 11:20:00,44,866.0,748.75616,754.5327
2023-05-23 11:30:00,44,696.0,758.2589,770.7748
2023-05-23 11:40:00,44,930.0,740.12317,751.13684
2023-05-23 11:50:00,44,761.0,769.109,783.18286
2023-05-23 12:00:00,44,578.0,760.9807,776.19104
2023-05-23 12:10:00,44,827.0,728.6631,743.5783
2023-05-23 12:20:00,44,771.0,747.1883,760.19635
2023-05-23 12:30:00,44,601.0,752.79297,763.4231
2023-05-23 12:40:00,44,787.0,729.486,733.6872
2023-05-23 12:50:00,44,537.0,734.87524,738.2582
2023-05-23 13:00:00,44,582.0,708.4535,712.77045
2023-05-23 13:10:00,44,827.0,692.72095,697.9247
2023-05-23 13:20:00,44,867.0,719.74615,730.64233
2023-05-23 13:30:00,44,969.0,749.9425,761.8077
2023-05-23 13:40:00,44,713.0,794.2667,801.91565
2023-05-23 13:50:00,44,686.0,771.6945,781.62585
2023-05-23 14:00:00,44,660.0,748.5249,769.8235
2023-05-23 14:10:00,44,870.0,734.28406,754.93616
2023-05-23 14:20:00,44,621.0,753.72144,773.66547
2023-05-23 14:30:00,44,781.0,741.20197,756.0667
2023-05-23 14:40:00,44,586.0,754.18054,765.6053
2023-05-23 14:50:00,44,912.0,743.3747,751.1322
2023-05-23 15:00:00,44,1014.0,770.1929,775.5752
2023-05-23 15:10:00,44,939.0,824.8416,820.2478
2023-05-23 15:20:00,44,699.0,856.49725,861.8382
2023-05-23 15:30:00,44,741.0,830.9739,835.25714
2023-05-23 15:40:00,44,780.0,817.85815,825.3688
2023-05-23 15:50:00,44,902.0,818.42004,827.88403
2023-05-23 16:00:00,44,734.0,849.2919,854.1729
2023-05-23 16:10:00,44,847.0,841.92554,849.8628
2023-05-23 16:20:00,44,656.0,865.46875,888.2178
2023-05-23 16:30:00,44,749.0,824.06714,850.08765
2023-05-23 16:40:00,44,848.0,837.2984,861.95557
2023-05-23 16:50:00,44,612.0,901.6619,938.72296
2023-05-23 17:00:00,44,1056.0,885.2828,873.0843
2023-05-23 17:10:00,44,1184.0,1076.4519,1063.5325
2023-05-23 17:20:00,44,1230.0,1165.645,1248.7201
2023-05-23 17:30:00,44,1130.0,1390.5931,1516.9668
2023-05-23 17:40:00,44,1815.0,1474.0083,1562.0005
2023-05-23 17:50:00,44,1415.0,1501.3575,1511.4851
2023-05-23 18:00:00,44,1342.0,1546.314,1684.2039
2023-05-23 18:10:00,44,2015.0,1592.2776,1658.6208
2023-05-23 18:20:00,44,1284.0,1470.3926,1637.4962
2023-05-23 18:30:00,44,1613.0,1227.8392,1366.2972
2023-05-23 18:40:00,44,1444.0,1225.2413,1277.098
2023-05-23 18:50:00,44,973.0,1147.0957,1178.4198
2023-05-23 19:00:00,44,885.0,1019.31915,997.1244
2023-05-23 19:10:00,44,1123.0,901.825,873.87537
2023-05-23 19:20:00,44,741.0,883.63354,880.4639
2023-05-23 19:30:00,44,740.0,826.81213,826.423
2023-05-23 19:40:00,44,590.0,795.6942,787.86145
2023-05-23 19:50:00,44,607.0,754.832,717.25507
2023-05-23 20:00:00,44,763.0,718.5019,668.56445
2023-05-23 20:10:00,44,878.0,711.92004,681.6515
2023-05-23 20:20:00,44,916.0,742.11536,730.76776
2023-05-23 20:30:00,44,629.0,762.8352,773.79144
2023-05-23 20:40:00,44,799.0,702.23553,710.6529
2023-05-23 20:50:00,44,576.0,692.8845,725.8093
2023-05-23 21:00:00,44,611.0,645.5487,656.3182
2023-05-23 21:10:00,44,486.0,618.1999,628.9391
2023-05-23 21:20:00,44,573.0,578.8677,574.1908
2023-05-23 21:30:00,44,420.0,559.8551,558.62585
2023-05-23 21:40:00,44,513.0,511.7874,466.8025
2023-05-23 21:50:00,44,541.0,497.99146,443.47495
2023-05-23 22:00:00,44,379.00006,484.08157,425.8877
2023-05-23 22:10:00,44,285.0,435.1316,364.79987
2023-05-23 22:20:00,44,270.0,367.3711,311.16376
2023-05-23 22:30:00,44,81.0,320.9679,272.28827
2023-05-23 22:40:00,44,346.0,240.6961,175.22125
2023-05-23 22:50:00,44,217.0,244.14935,201.97614
2023-05-23 23:00:00,44,141.0,233.37921,205.7486
2023-05-24 08:00:00,44,506.0,757.1034,1030.627
2023-05-24 08:10:00,44,1050.0,776.88446,954.61096
2023-05-24 08:20:00,44,769.0,867.7851,1039.177
2023-05-24 08:30:00,44,1038.0,859.42096,942.08276
2023-05-24 08:40:00,44,772.0,859.1693,925.0517
2023-05-24 08:50:00,44,1040.0,746.4292,797.9918
2023-05-24 09:00:00,44,880.0,733.6294,754.33966
2023-05-24 09:10:00,44,703.0,729.05945,737.4901
2023-05-24 09:20:00,44,664.0,690.57697,703.3986
2023-05-24 09:30:00,44,648.0,667.3507,706.0615
2023-05-24 09:40:00,44,931.0,646.8202,698.7262
2023-05-24 09:50:00,44,827.0,686.33765,737.95685
2023-05-24 10:00:00,44,723.0,692.7988,743.29047
2023-05-24 10:10:00,44,551.0,686.5382,729.388
2023-05-24 10:20:00,44,796.0,655.26904,687.3323
2023-05-24 10:30:00,44,863.0,664.75946,680.98486
2023-05-24 10:40:00,44,929.0,692.11633,711.9043
2023-05-24 10:50:00,44,595.0,740.3182,755.2367
2023-05-24 11:00:00,44,548.0,733.05457,738.5153
2023-05-24 11:10:00,44,897.0,705.7395,699.4745
2023-05-24 11:20:00,44,720.0,729.2654,734.68164
2023-05-24 11:30:00,44,737.0,724.2178,729.86444
2023-05-24 11:40:00,44,896.0,724.1016,729.62286
2023-05-24 11:50:00,44,778.0,747.166,761.9486
2023-05-24 12:00:00,44,533.0,742.90906,765.2053
2023-05-24 12:10:00,44,915.0,704.6139,723.9991
2023-05-24 12:20:00,44,785.0,740.2978,760.8287
2023-05-24 12:30:00,44,662.0,748.4204,769.97314
2023-05-24 12:40:00,44,826.0,732.8009,749.99744
2023-05-24 12:50:00,44,533.0,747.6052,763.4746
2023-05-24 13:00:00,44,600.0,714.054,728.31665
2023-05-24 13:10:00,44,896.0,699.7334,713.96027
2023-05-24 13:20:00,44,808.0,737.4606,755.9937
2023-05-24 13:30:00,44,1018.0,756.806,773.1267
2023-05-24 13:40:00,44,768.0,801.80347,821.14087
2023-05-24 13:50:00,44,611.0,786.5376,801.613
2023-05-24 14:00:00,44,716.0,742.1124,770.55176
2023-05-24 14:10:00,44,858.0,738.10486,761.5135
2023-05-24 14:20:00,44,659.0,755.0765,786.48145
2023-05-24 14:30:00,44,679.0,749.2572,777.8534
2023-05-24 14:40:00,44,598.0,744.28503,768.4309
2023-05-24 14:50:00,44,947.0,728.78735,748.7174
2023-05-24 15:00:00,44,984.0,777.44696,786.5115
2023-05-24 15:10:00,44,967.0,839.5882,837.00037
2023-05-24 15:20:00,44,697.0,876.80096,877.51855
2023-05-24 15:30:00,44,821.0,853.556,840.887
2023-05-24 15:40:00,44,769.0,857.54535,842.6302
2023-05-24 15:50:00,44,924.0,851.55237,840.73096
2023-05-24 16:00:00,44,753.0,872.57623,870.4377
2023-05-24 16:10:00,44,794.0,857.53845,878.6517
2023-05-24 16:20:00,44,654.0,862.05035,911.37134
2023-05-24 16:30:00,44,789.0,821.0859,854.6709
2023-05-24 16:40:00,44,1026.0,836.66644,881.30225
2023-05-24 16:50:00,44,691.0,966.77216,1040.7087
2023-05-24 17:00:00,44,1151.0,994.62134,981.8633
2023-05-24 17:10:00,44,1148.0,1188.6758,1212.7745
2023-05-24 17:20:00,44,1173.0,1242.2811,1307.1306
2023-05-24 17:30:00,44,1240.0,1454.1609,1537.9362
2023-05-24 17:40:00,44,1994.0,1539.0527,1586.72
2023-05-24 17:50:00,44,1513.0,1566.395,1612.0092
2023-05-24 18:00:00,44,1255.0,1656.3984,1757.9366
2023-05-24 18:10:00,44,2130.0,1692.2261,1685.476
2023-05-24 18:20:00,44,1447.0,1567.6904,1648.0413
2023-05-24 18:30:00,44,1509.0,1311.0879,1428.9897
2023-05-24 18:40:00,44,1510.0,1260.8975,1273.8914
2023-05-24 18:50:00,44,1028.0,1190.8284,1219.5728
2023-05-24 19:00:00,44,1052.0,1046.2845,1020.7491
2023-05-24 19:10:00,44,1238.0,935.70013,943.513
2023-05-24 19:20:00,44,739.0,930.5639,965.2145
2023-05-24 19:30:00,44,792.0,855.86835,884.71576
2023-05-24 19:40:00,44,583.0,829.82245,837.40295
2023-05-24 19:50:00,44,590.0,776.6883,739.3476
2023-05-24 20:00:00,44,792.0,727.0819,679.52246
2023-05-24 20:10:00,44,932.0,722.92615,687.9181
2023-05-24 20:20:00,44,958.0,753.4354,738.1403
2023-05-24 20:30:00,44,708.0,774.44507,782.40216
2023-05-24 20:40:00,44,746.0,741.7156,738.36975
2023-05-24 20:50:00,44,482.0,709.97363,721.96313
2023-05-24 21:00:00,44,676.0,634.8762,613.36926
2023-05-24 21:10:00,44,553.0,621.6532,609.00574
2023-05-24 21:20:00,44,580.0,593.4934,579.2428
2023-05-24 21:30:00,44,552.0,574.23,551.1061
2023-05-24 21:40:00,44,390.0,559.47235,516.03296
2023-05-24 21:50:00,44,617.0,477.2391,425.69586
2023-05-24 22:00:00,44,403.0,475.63528,432.08392
2023-05-24 22:10:00,44,314.0,434.9361,381.45703
2023-05-24 22:20:00,44,310.0,368.85443,328.98334
2023-05-24 22:30:00,44,143.0,332.32043,302.1717
2023-05-24 22:40:00,44,344.0,263.98956,218.52893
2023-05-24 22:50:00,44,207.0,261.65436,234.01532
2023-05-24 23:00:00,44,127.0,239.73077,223.12683
2023-05-25 08:00:00,44,543.0,780.7865,1067.1335
2023-05-25 08:10:00,44,1136.0,805.62756,1017.7807
2023-05-25 08:20:00,44,811.0,921.56757,1089.5278
2023-05-25 08:30:00,44,1024.0,910.8312,972.35394
2023-05-25 08:40:00,44,830.0,910.6432,932.92615
2023-05-25 08:50:00,44,1003.0,811.90405,829.5636
2023-05-25 09:00:00,44,870.0,771.2435,786.22186
2023-05-25 09:10:00,44,709.0,743.2523,766.3928
2023-05-25 09:20:00,44,597.0,708.6986,731.2066
2023-05-25 09:30:00,44,731.0,675.2612,712.6308
2023-05-25 09:40:00,44,936.0,674.95215,722.1913
2023-05-25 09:50:00,44,816.0,718.28845,762.57654
2023-05-25 10:00:00,44,850.0,711.05676,759.371
2023-05-25 10:10:00,44,628.0,718.31836,774.4647
2023-05-25 10:20:00,44,801.0,692.0451,741.81213
2023-05-25 10:30:00,44,938.0,698.31116,727.55676
2023-05-25 10:40:00,44,907.0,734.39856,752.5216
2023-05-25 10:50:00,44,559.0,772.79205,795.04614
2023-05-25 11:00:00,44,598.0,746.3033,756.2945
2023-05-25 11:10:00,44,929.0,719.8142,721.44006
2023-05-25 11:20:00,44,758.0,746.25934,755.7628
2023-05-25 11:30:00,44,701.0,743.0457,751.47015
2023-05-25 11:40:00,44,853.0,734.0459,736.12305
2023-05-25 11:50:00,44,741.0,747.8343,757.84
2023-05-25 12:00:00,44,675.0,740.3798,753.20636
2023-05-25 12:10:00,44,935.0,727.3387,747.23865
2023-05-25 12:20:00,44,773.0,760.1881,787.3727
2023-05-25 12:30:00,44,721.0,761.6527,783.9095
2023-05-25 12:40:00,44,785.0,748.79895,770.5045
2023-05-25 12:50:00,44,608.0,753.2684,765.93854
2023-05-25 13:00:00,44,541.0,735.6962,740.25244
2023-05-25 13:10:00,44,947.0,710.6619,711.98303
2023-05-25 13:20:00,44,869.0,753.3921,763.0773
2023-05-25 13:30:00,44,904.0,785.08307,790.7391
2023-05-23 08:00:00,14,346.0,410.41415,464.79364
2023-05-23 08:10:00,14,361.0,401.34323,428.59503
2023-05-23 08:20:00,14,222.0,417.95975,402.4012
2023-05-23 08:30:00,14,223.00002,441.3376,399.47345
2023-05-23 08:40:00,14,530.0,415.57483,385.37183
2023-05-23 08:50:00,14,877.0,428.9702,399.4925
2023-05-23 09:00:00,14,434.0,475.13177,438.91122
2023-05-23 09:10:00,14,435.0,435.29327,420.06198
2023-05-23 09:20:00,14,318.0,412.23236,413.1421
2023-05-23 09:30:00,14,386.0,373.10507,387.9376
2023-05-23 09:40:00,14,643.0,366.26578,376.02734
2023-05-23 09:50:00,14,310.0,422.95197,410.52704
2023-05-23 10:00:00,14,242.0,378.2143,389.70135
2023-05-23 10:10:00,14,272.0,339.0065,346.0016
2023-05-23 10:20:00,14,320.0,310.3634,312.76315
2023-05-23 10:30:00,14,424.0,285.69165,303.06964
2023-05-23 10:40:00,14,566.0,297.86737,310.53958
2023-05-23 10:50:00,14,697.0,333.98172,348.01425
2023-05-23 11:00:00,14,523.0,387.4757,418.71472
2023-05-23 11:10:00,14,312.0,403.4776,454.0424
2023-05-23 11:20:00,14,137.0,373.27597,401.50348
2023-05-23 11:30:00,14,135.0,315.8764,339.58408
2023-05-23 11:40:00,14,380.0,277.3933,304.72833
2023-05-23 11:50:00,14,324.0,300.09454,315.40234
2023-05-23 12:00:00,14,341.0,312.38397,323.27905
2023-05-23 12:10:00,14,557.0,317.93,335.36716
2023-05-23 12:20:00,14,223.00002,385.32913,404.04987
2023-05-23 12:30:00,14,146.0,346.36316,370.7508
2023-05-23 12:40:00,14,611.0,305.98865,342.0558
2023-05-23 12:50:00,14,399.0,388.30362,402.86707
2023-05-23 13:00:00,14,298.0,393.2177,401.05542
2023-05-23 13:10:00,14,256.0,369.93198,388.33923
2023-05-23 13:20:00,14,409.0,354.37112,377.60187
2023-05-23 13:30:00,14,321.0,365.10028,389.58026
2023-05-23 13:40:00,14,460.0,362.63712,382.4874
2023-05-23 13:50:00,14,513.0,382.44803,401.05948
2023-05-23 14:00:00,14,343.0,403.8726,420.93234
2023-05-23 14:10:00,14,382.0,379.4444,398.11865
2023-05-23 14:20:00,14,548.0,370.25,392.4974
2023-05-23 14:30:00,14,146.0,397.11963,413.19626
2023-05-23 14:40:00,14,339.0,349.16193,365.50455
2023-05-23 14:50:00,14,157.0,353.78992,355.219
2023-05-23 15:00:00,14,134.0,331.7277,336.77936
2023-05-23 15:10:00,14,168.0,307.71664,328.92868
2023-05-23 15:20:00,14,97.99997,297.0995,324.1222
2023-05-23 15:30:00,14,344.0,276.3858,311.63077
2023-05-23 15:40:00,14,409.0,292.86606,324.67197
2023-05-23 15:50:00,14,228.0,326.48743,344.54675
2023-05-23 16:00:00,14,137.0,316.97253,334.13974
2023-05-23 16:10:00,14,224.0,286.0689,326.43655
2023-05-23 16:20:00,14,399.0,289.8479,330.3187
2023-05-23 16:30:00,14,428.0,328.77698,352.38803
2023-05-23 16:40:00,14,243.0,379.98828,394.89746
2023-05-23 16:50:00,14,281.0,375.16205,374.3116
2023-05-23 17:00:00,14,244.0,403.38455,394.40808
2023-05-23 17:10:00,14,209.99998,409.7182,395.5099
2023-05-23 17:20:00,14,468.0,364.76227,378.5266
2023-05-23 17:30:00,14,675.0,406.59415,460.0986
2023-05-23 17:40:00,14,1064.0,517.62256,616.2641
2023-05-23 17:50:00,14,881.0,675.8175,671.18134
2023-05-23 18:00:00,14,289.0,834.48083,891.44055
2023-05-23 18:10:00,14,398.0,609.51276,561.3595
2023-05-23 18:20:00,14,583.0,422.12372,437.22992
2023-05-23 18:30:00,14,254.0,414.4208,439.4358
2023-05-23 18:40:00,14,471.0,343.066,350.90244
2023-05-23 18:50:00,14,209.0,355.1813,330.13052
2023-05-23 19:00:00,14,119.0,326.73062,291.89563
2023-05-23 19:10:00,14,439.0,243.186,232.32175
2023-05-23 19:20:00,14,395.0,264.59445,242.18443
2023-05-23 19:30:00,14,433.0,276.98047,260.41995
2023-05-23 19:40:00,14,375.0,292.10327,292.7395
2023-05-23 19:50:00,14,261.0,307.29553,311.1059
2023-05-23 20:00:00,14,109.0,295.9658,293.26245
2023-05-23 20:10:00,14,339.0,237.49464,236.12436
2023-05-23 20:20:00,14,249.0,247.3973,242.90385
2023-05-23 20:30:00,14,198.0,240.57889,245.81374
2023-05-23 20:40:00,14,55.0,221.83698,239.68073
2023-05-23 20:50:00,14,224.0,164.01447,184.7049
2023-05-23 21:00:00,14,114.0,171.73184,194.81364
2023-05-23 21:10:00,14,49.0,153.14755,161.11981
2023-05-23 21:20:00,14,235.0,110.099335,128.02377
2023-05-23 21:30:00,14,146.0,121.22217,138.1987
2023-05-23 21:40:00,14,145.0,118.025696,117.45087
2023-05-23 21:50:00,14,123.0,109.08304,105.19617
2023-05-23 22:00:00,14,62.0,97.54285,91.47281
2023-05-23 22:10:00,14,107.0,67.5611,62.157654
2023-05-23 22:20:00,14,151.0,64.485535,62.361725
2023-05-23 22:30:00,14,138.0,70.07327,73.62338
2023-05-23 22:40:00,14,69.0,74.24896,80.01138
2023-05-23 22:50:00,14,16.0,60.979584,63.232666
2023-05-23 23:00:00,14,112.0,36.683502,37.13629
2023-05-24 08:00:00,14,332.0,375.81238,430.666
2023-05-24 08:10:00,14,372.0,353.9728,407.4438
2023-05-24 08:20:00,14,416.0,380.068,397.04834
2023-05-24 08:30:00,14,243.0,445.63992,409.36255
2023-05-24 08:40:00,14,431.0,422.87378,384.20673
2023-05-24 08:50:00,14,752.0,414.9577,374.5428
2023-05-24 09:00:00,14,382.0,435.28992,417.59744
2023-05-24 09:10:00,14,394.0,391.69623,391.61026
2023-05-24 09:20:00,14,436.0,358.28226,378.80502
2023-05-24 09:30:00,14,298.0,349.61276,384.7803
2023-05-24 09:40:00,14,309.0,328.57147,355.5744
2023-05-24 09:50:00,14,389.0,322.83734,338.08356
2023-05-24 10:00:00,14,292.0,326.03418,337.65152
2023-05-24 10:10:00,14,215.0,309.08554,319.11346
2023-05-24 10:20:00,14,377.0,279.0152,286.7663
2023-05-24 10:30:00,14,408.0,286.25983,292.55505
2023-05-24 10:40:00,14,686.0,294.18802,300.1201
2023-05-24 10:50:00,14,467.0,354.96622,360.23962
2023-05-24 11:00:00,14,368.0,370.42154,392.01645
2023-05-24 11:10:00,14,324.0,364.30206,379.58643
2023-05-24 11:20:00,14,135.0,352.47095,368.07605
2023-05-24 11:30:00,14,72.0,295.37292,324.19275
2023-05-24 11:40:00,14,354.0,243.48529,276.99292
2023-05-24 11:50:00,14,252.0,266.60538,290.57095
2023-05-24 12:00:00,14,362.0,266.48627,295.36224
2023-05-24 12:10:00,14,483.0,290.9807,321.11646
2023-05-24 12:20:00,14,235.0,365.71112,382.1912
2023-05-24 12:30:00,14,149.0,338.94977,358.0904
2023-05-24 12:40:00,14,391.0,305.1277,334.37445
2023-05-24 12:50:00,14,484.0,344.58322,349.9983
2023-05-24 13:00:00,14,363.0,386.50958,385.93256
2023-05-24 13:10:00,14,244.0,379.39886,390.55966
2023-05-24 13:20:00,14,352.0,349.22815,372.01752
2023-05-24 13:30:00,14,329.0,354.96603,373.43063
2023-05-24 13:40:00,14,432.0,352.78088,368.52036
2023-05-24 13:50:00,14,427.0,367.87628,386.9497
2023-05-24 14:00:00,14,415.0,382.23846,399.55975
2023-05-24 14:10:00,14,296.0,386.98373,400.32574
2023-05-24 14:20:00,14,391.0,356.85645,372.60297
2023-05-24 14:30:00,14,354.0,353.34686,371.8051
2023-05-24 14:40:00,14,406.0,351.76453,361.693
2023-05-24 14:50:00,14,198.0,370.38937,368.31943
2023-05-24 15:00:00,14,199.0,335.8079,334.25995
2023-05-24 15:10:00,14,119.0,305.1462,322.25708
2023-05-24 15:20:00,14,107.0,281.48096,307.37476
2023-05-24 15:30:00,14,396.0,266.55627,296.80206
2023-05-24 15:40:00,14,372.0,295.32843,319.5074
2023-05-24 15:50:00,14,209.99998,321.968,339.70834
2023-05-24 16:00:00,14,195.0,306.1258,331.20728
2023-05-24 16:10:00,14,150.0,289.0708,330.06366
2023-05-24 16:20:00,14,387.0,277.74142,327.77197
2023-05-24 16:30:00,14,395.0,311.63275,354.14102
2023-05-24 16:40:00,14,144.0,360.43002,388.5635
2023-05-24 16:50:00,14,444.0,339.26324,359.14294
2023-05-24 17:00:00,14,201.0,416.32242,410.56018
2023-05-24 17:10:00,14,243.0,410.15143,394.2701
2023-05-24 17:20:00,14,446.0,380.65512,377.91345
2023-05-24 17:30:00,14,560.0,413.0478,463.24594
2023-05-24 17:40:00,14,1195.0,484.5444,554.3533
2023-05-24 17:50:00,14,871.0,645.0231,652.9403
2023-05-24 18:00:00,14,402.0,766.02466,822.96606
2023-05-24 18:10:00,14,432.0,664.8927,586.2849
2023-05-24 18:20:00,14,409.0,438.9639,441.99713
2023-05-24 18:30:00,14,340.0,364.23026,415.5231
2023-05-24 18:40:00,14,440.0,333.5816,353.7718
2023-05-24 18:50:00,14,219.0,340.52893,334.1891
2023-05-24 19:00:00,14,128.0,302.47162,298.30243
2023-05-24 19:10:00,14,475.0,247.59651,240.92082
2023-05-24 19:20:00,14,359.0,279.3001,248.78345
2023-05-24 19:30:00,14,443.0,291.0737,260.95416
2023-05-24 19:40:00,14,368.0,310.91547,291.27295
2023-05-24 19:50:00,14,267.0,307.3329,311.6429
2023-05-24 20:00:00,14,83.0,300.90445,292.48718
2023-05-24 20:10:00,14,77.00003,227.76309,226.09402
2023-05-24 20:20:00,14,157.0,179.28603,170.41095
2023-05-24 20:30:00,14,203.00002,170.4747,164.41354
2023-05-24 20:40:00,14,306.0,174.15479,177.8967
2023-05-24 20:50:00,14,316.0,191.6977,203.00229
2023-05-24 21:00:00,14,76.0,207.12636,215.59521
2023-05-24 21:10:00,14,64.00003,138.42105,143.66812
2023-05-24 21:20:00,14,199.0,101.21268,111.87033
2023-05-24 21:30:00,14,108.0,118.6767,125.7027
2023-05-24 21:40:00,14,192.0,111.44861,110.11081
2023-05-24 21:50:00,14,275.0,114.5296,116.27847
2023-05-24 22:00:00,14,113.0,124.043365,132.22952
2023-05-24 22:10:00,14,88.0,91.61075,99.2215
2023-05-24 22:20:00,14,122.0,70.70868,78.024506
2023-05-24 22:30:00,14,88.0,64.17496,76.33209
2023-05-24 22:40:00,14,43.0,56.875824,65.10138
2023-05-24 22:50:00,14,37.99997,36.411255,47.660095
2023-05-24 23:00:00,14,81.0,26.243042,38.876373
2023-05-25 08:00:00,14,296.0,415.57693,470.85794
2023-05-25 08:10:00,14,249.0,397.036,426.21008
2023-05-25 08:20:00,14,399.0,409.52026,396.38327
2023-05-25 08:30:00,14,332.0,451.0433,408.66095
2023-05-25 08:40:00,14,425.0,426.2745,403.2631
2023-05-25 08:50:00,14,964.0,416.5672,387.75067
2023-05-25 09:00:00,14,465.0,482.7016,450.72025
2023-05-25 09:10:00,14,510.0,441.02402,427.28314
2023-05-25 09:20:00,14,339.0,434.98172,428.59973
2023-05-25 09:30:00,14,503.0,395.68164,406.61346
2023-05-25 09:40:00,14,320.0,404.08002,411.5364
2023-05-25 09:50:00,14,325.0,386.9821,389.1572
2023-05-25 10:00:00,14,288.0,360.54138,369.9591
2023-05-25 10:10:00,14,258.0,331.59875,341.91248
2023-05-25 10:20:00,14,549.0,298.02374,301.6997
2023-05-25 10:30:00,14,236.99998,322.8759,328.00137
2023-05-25 10:40:00,14,714.0,301.40643,303.98895
2023-05-25 10:50:00,14,766.0,362.9782,363.0544
2023-05-25 11:00:00,14,613.0,425.33905,444.7858
2023-05-25 11:10:00,14,334.0,439.01816,488.05066
2023-05-25 11:20:00,14,128.0,394.13437,428.59576
2023-05-25 11:30:00,14,120.0,322.82077,358.27063
2023-05-25 11:40:00,14,262.0,286.09473,318.41473
2023-05-25 11:50:00,14,342.0,286.28018,317.07855
2023-05-25 12:00:00,14,387.0,307.66614,327.2141
2023-05-25 12:10:00,14,528.0,329.63385,349.76855
2023-05-25 12:20:00,14,286.0,384.67175,403.57562
2023-05-25 12:30:00,14,118.0,354.57657,381.7572
2023-05-25 12:40:00,14,581.0,301.85138,347.4626
2023-05-25 12:50:00,14,586.0,376.0457,384.99905
2023-05-25 13:00:00,14,345.0,425.2284,433.081
2023-05-25 13:10:00,14,261.0,392.56625,409.29645
2023-05-25 13:20:00,14,368.0,369.0724,392.67615
2023-05-25 13:30:00,14,334.0,377.88385,398.8432
2023-05-23 08:00:00,39,188.0,199.86026,171.28754
2023-05-23 08:10:00,39,173.0,169.04404,159.86974
2023-05-23 08:20:00,39,111.0,143.50552,138.54419
2023-05-23 08:30:00,39,104.0,102.364,103.143936
2023-05-23 08:40:00,39,106.0,78.1069,97.42253
2023-05-23 08:50:00,39,73.0,72.55669,87.981415
2023-05-23 09:00:00,39,84.0,66.818085,77.64999
2023-05-23 09:10:00,39,80.0,61.931732,66.20089
2023-05-23 09:20:00,39,41.0,59.19183,63.15607
2023-05-23 09:30:00,39,63.0,50.379326,55.117126
2023-05-23 09:40:00,39,41.0,49.032204,51.62249
2023-05-23 09:50:00,39,34.0,44.946922,48.545822
2023-05-23 10:00:00,39,52.0,40.56336,44.703865
2023-05-23 10:10:00,39,41.0,41.37462,44.172462
2023-05-23 10:20:00,39,30.0,40.78384,43.64022
2023-05-23 10:30:00,39,43.0,38.49332,40.914013
2023-05-23 10:40:00,39,37.0,37.913765,40.271183
2023-05-23 10:50:00,39,33.0,38.55988,40.84976
2023-05-23 11:00:00,39,25.0,38.35418,40.085434
2023-05-23 11:10:00,39,48.0,38.17704,38.08067
2023-05-23 11:20:00,39,38.0,41.960804,41.6486
2023-05-23 11:30:00,39,58.0,42.542603,42.52806
2023-05-23 11:40:00,39,38.0,47.460068,46.42924
2023-05-23 11:50:00,39,49.0,46.55925,46.240128
2023-05-23 12:00:00,39,61.0,48.562855,48.563847
2023-05-23 12:10:00,39,78.0,53.446095,51.433064
2023-05-23 12:20:00,39,55.0,59.919704,58.335148
2023-05-23 12:30:00,39,53.0,60.786938,58.308823
2023-05-23 12:40:00,39,85.0,59.285744,56.00331
2023-05-23 12:50:00,39,69.0,64.68559,62.07018
2023-05-23 13:00:00,39,69.0,65.760956,62.829597
2023-05-23 13:10:00,39,69.0,66.67374,64.53562
2023-05-23 13:20:00,39,57.0,67.37753,65.8828
2023-05-23 13:30:00,39,55.0,65.09569,63.56057
2023-05-23 13:40:00,39,64.0,63.813774,61.395046
2023-05-23 13:50:00,39,50.0,64.41615,62.648315
2023-05-23 14:00:00,39,58.0,61.014603,60.308
2023-05-23 14:10:00,39,62.0,59.941788,59.418274
2023-05-23 14:20:00,39,47.0,60.462498,58.852528
2023-05-23 14:30:00,39,54.0,57.70865,56.23604
2023-05-23 14:40:00,39,54.0,57.009422,55.57128
2023-05-23 14:50:00,39,52.0,55.35786,55.032883
2023-05-23 15:00:00,39,61.0,54.841057,54.723297
2023-05-23 15:10:00,39,50.0,56.99611,56.7147
2023-05-23 15:20:00,39,44.0,57.25897,56.481873
2023-05-23 15:30:00,39,67.0,55.128304,55.485847
2023-05-23 15:40:00,39,59.0,58.421803,58.33274
2023-05-23 15:50:00,39,79.0,58.47193,60.275017
2023-05-23 16:00:00,39,94.0,64.040924,66.810104
2023-05-23 16:10:00,39,90.0,76.41457,77.89383
2023-05-23 16:20:00,39,76.0,86.62106,89.5824
2023-05-23 16:30:00,39,71.0,86.96631,93.12735
2023-05-23 16:40:00,39,123.0,86.97169,90.502365
2023-05-23 16:50:00,39,95.0,109.985,109.69144
2023-05-23 17:00:00,39,155.0,115.20259,115.4608
2023-05-23 17:10:00,39,296.0,141.28622,139.13737
2023-05-23 17:20:00,39,201.0,180.9848,182.3367
2023-05-23 17:30:00,39,154.0,205.86996,202.30762
2023-05-23 17:40:00,39,264.0,181.48253,187.83426
2023-05-23 17:50:00,39,241.0,163.56085,166.87424
2023-05-23 18:00:00,39,122.0,174.68396,182.6276
2023-05-23 18:10:00,39,188.0,135.7425,147.92805
2023-05-23 18:20:00,39,97.0,115.04024,131.87036
2023-05-23 18:30:00,39,109.0,88.77738,99.05902
2023-05-23 18:40:00,39,68.0,79.449615,82.259254
2023-05-23 18:50:00,39,65.0,66.3154,68.855804
2023-05-23 19:00:00,39,78.0,59.329338,61.273956
2023-05-23 19:10:00,39,55.0,56.222004,59.669098
2023-05-23 19:20:00,39,40.0,50.676422,54.279053
2023-05-23 19:30:00,39,42.0,48.784866,48.94481
2023-05-23 19:40:00,39,30.0,46.5226,45.549736
2023-05-23 19:50:00,39,37.0,41.456596,38.59313
2023-05-23 20:00:00,39,28.0,40.671036,36.239292
2023-05-23 20:10:00,39,35.0,38.5768,33.27742
2023-05-23 20:20:00,39,33.0,36.035744,31.731544
2023-05-23 20:30:00,39,39.0,34.522892,30.716274
2023-05-23 20:40:00,39,31.0,34.53231,31.839455
2023-05-23 20:50:00,39,40.0,33.085,30.0708
2023-05-23 21:00:00,39,33.0,33.129593,29.935623
2023-05-23 21:10:00,39,43.0,33.190273,29.595947
2023-05-23 21:20:00,39,31.0,34.99573,30.530605
2023-05-23 21:30:00,39,25.0,34.189453,30.166904
2023-05-23 21:40:00,39,27.0,31.029808,27.57045
2023-05-23 21:50:00,39,24.0,29.581001,25.785725
2023-05-23 22:00:00,39,23.0,26.823627,22.91824
2023-05-23 22:10:00,39,15.0,23.704887,20.283062
2023-05-23 22:20:00,39,18.999996,19.855648,15.05267
2023-05-23 22:30:00,39,9.0,18.233913,13.115025
2023-05-23 22:40:00,39,17.0,14.606422,7.635994
2023-05-23 22:50:00,39,14.0,12.818066,8.924789
2023-05-23 23:00:00,39,0.0,12.93121,9.796143
2023-05-24 08:00:00,39,197.0,203.37881,176.45573
2023-05-24 08:10:00,39,169.0,174.14337,167.52237
2023-05-24 08:20:00,39,120.0,141.68158,145.6961
2023-05-24 08:30:00,39,118.0,105.35985,110.25708
2023-05-24 08:40:00,39,72.0,87.85251,96.97742
2023-05-24 08:50:00,39,88.0,72.42258,80.64975
2023-05-24 09:00:00,39,67.0,64.943665,72.313866
2023-05-24 09:10:00,39,53.0,58.374886,60.475616
2023-05-24 09:20:00,39,61.0,50.953087,53.70756
2023-05-24 09:30:00,39,39.0,49.17074,50.4021
2023-05-24 09:40:00,39,43.0,42.60234,45.13124
2023-05-24 09:50:00,39,42.0,39.847256,42.79554
2023-05-24 10:00:00,39,39.0,38.178806,40.867744
2023-05-24 10:10:00,39,37.0,37.85215,39.33363
2023-05-24 10:20:00,39,47.0,36.82502,38.993713
2023-05-24 10:30:00,39,34.0,38.062473,40.728073
2023-05-24 10:40:00,39,39.0,37.112495,40.99086
2023-05-24 10:50:00,39,43.0,38.144802,40.86101
2023-05-24 11:00:00,39,42.0,40.71669,42.568695
2023-05-24 11:10:00,39,38.0,43.03608,44.13466
2023-05-24 11:20:00,39,30.0,44.463863,43.916588
2023-05-24 11:30:00,39,69.0,43.143944,42.3823
2023-05-24 11:40:00,39,52.0,49.277424,47.157608
2023-05-24 11:50:00,39,41.0,51.24327,48.893368
2023-05-24 12:00:00,39,82.0,51.115356,48.66774
2023-05-24 12:10:00,39,140.0,59.907795,55.653706
2023-05-24 12:20:00,39,87.0,84.02406,78.456024
2023-05-24 12:30:00,39,57.0,83.974815,80.323
2023-05-24 12:40:00,39,76.0,73.602264,69.09882
2023-05-24 12:50:00,39,80.0,73.877045,68.77508
2023-05-24 13:00:00,39,86.0,74.0883,69.74866
2023-05-24 13:10:00,39,72.0,76.50575,74.01762
2023-05-24 13:20:00,39,61.0,75.54631,73.50068
2023-05-24 13:30:00,39,51.0,70.19407,68.895424
2023-05-24 13:40:00,39,63.0,62.50129,64.26275
2023-05-24 13:50:00,39,50.0,62.76375,63.175648
2023-05-24 14:00:00,39,46.0,59.40824,60.30772
2023-05-24 14:10:00,39,60.0,56.541496,57.75225
2023-05-24 14:20:00,39,61.0,56.972748,56.930355
2023-05-24 14:30:00,39,62.0,58.678055,57.46782
2023-05-24 14:40:00,39,46.0,59.85791,58.75538
2023-05-24 14:50:00,39,37.0,56.90127,56.034252
2023-05-24 15:00:00,39,41.0,53.125473,53.035915
2023-05-24 15:10:00,39,43.0,52.7378,53.12687
2023-05-24 15:20:00,39,53.0,51.82122,53.03807
2023-05-24 15:30:00,39,53.0,52.808693,53.753433
2023-05-24 15:40:00,39,60.0,53.176334,54.947956
2023-05-24 15:50:00,39,72.0,55.11489,55.730858
2023-05-24 16:00:00,39,78.0,59.516876,59.913734
2023-05-24 16:10:00,39,80.0,68.456856,72.422775
2023-05-24 16:20:00,39,97.0,78.45693,81.053925
2023-05-24 16:30:00,39,93.0,91.89394,92.47067
2023-05-24 16:40:00,39,90.0,99.54803,102.06177
2023-05-24 16:50:00,39,91.0,107.140144,107.98074
2023-05-24 17:00:00,39,172.0,117.73551,111.46756
2023-05-24 17:10:00,39,298.0,154.5651,140.32776
2023-05-24 17:20:00,39,204.0,187.00183,177.63274
2023-05-24 17:30:00,39,151.0,219.92865,211.52371
2023-05-24 17:40:00,39,222.0,190.1206,194.14636
2023-05-24 17:50:00,39,181.0,156.81522,157.54079
2023-05-24 18:00:00,39,145.0,150.34952,159.25052
2023-05-24 18:10:00,39,154.0,141.64255,152.53122
2023-05-24 18:20:00,39,118.0,109.93581,121.32922
2023-05-24 18:30:00,39,112.0,90.91678,97.289024
2023-05-24 18:40:00,39,75.0,80.98806,86.55436
2023-05-24 18:50:00,39,51.0,69.08725,72.30675
2023-05-24 19:00:00,39,59.0,60.02963,59.80968
2023-05-24 19:10:00,39,64.0,53.480106,53.29561
2023-05-24 19:20:00,39,53.0,49.19293,52.10445
2023-05-24 19:30:00,39,50.0,50.75193,50.18897
2023-05-24 19:40:00,39,52.0,50.261086,47.98753
2023-05-24 19:50:00,39,41.0,50.122246,47.369717
2023-05-24 20:00:00,39,32.0,47.099594,44.044754
2023-05-24 20:10:00,39,44.0,42.99875,40.649418
2023-05-24 20:20:00,39,39.0,41.777447,39.34382
2023-05-24 20:30:00,39,48.0,40.584244,38.58218
2023-05-24 20:40:00,39,50.0,40.447315,40.06001
2023-05-24 20:50:00,39,39.0,40.31901,41.945366
2023-05-24 21:00:00,39,39.0,38.601128,39.68366
2023-05-24 21:10:00,39,26.0,37.142803,37.899708
2023-05-24 21:20:00,39,22.0,34.465534,32.875935
2023-05-24 21:30:00,39,48.0,28.307442,27.129902
2023-05-24 21:40:00,39,52.0,30.351204,29.440468
2023-05-24 21:50:00,39,40.0,32.76544,33.488274
2023-05-24 22:00:00,39,18.999996,33.84645,35.064808
2023-05-24 22:10:00,39,22.0,26.422699,26.62284
2023-05-24 22:20:00,39,12.0,22.16542,22.356274
2023-05-24 22:30:00,39,12.999996,16.50521,14.546646
2023-05-24 22:40:00,39,15.999996,13.332062,10.733555
2023-05-24 22:50:00,39,15.0,13.074718,11.143238
2023-05-24 23:00:00,39,1.0,12.279366,11.364895
2023-05-25 08:00:00,39,181.0,224.08435,187.17642
2023-05-25 08:10:00,39,154.0,180.30942,155.79533
2023-05-25 08:20:00,39,132.0,138.27328,129.51126
2023-05-25 08:30:00,39,128.0,98.88405,101.96332
2023-05-25 08:40:00,39,96.0,83.24975,97.319115
2023-05-25 08:50:00,39,82.0,75.40953,84.32645
2023-05-25 09:00:00,39,79.0,67.134995,77.75917
2023-05-25 09:10:00,39,88.0,63.605267,69.05249
2023-05-25 09:20:00,39,72.0,61.93273,65.81315
2023-05-25 09:30:00,39,57.0,60.19401,63.936214
2023-05-25 09:40:00,39,54.0,54.732597,58.30629
2023-05-25 09:50:00,39,54.0,52.27311,54.665062
2023-05-25 10:00:00,39,46.0,50.838318,52.152214
2023-05-25 10:10:00,39,42.0,49.47884,50.736633
2023-05-25 10:20:00,39,41.0,47.861153,49.019257
2023-05-25 10:30:00,39,59.0,45.90867,46.595535
2023-05-25 10:40:00,39,39.0,47.480072,47.101234
2023-05-25 10:50:00,39,47.0,46.276,45.514893
2023-05-25 11:00:00,39,35.0,45.996864,46.6436
2023-05-25 11:10:00,39,40.0,44.264435,45.51052
2023-05-25 11:20:00,39,44.0,45.30545,45.29151
2023-05-25 11:30:00,39,56.0,46.221245,46.541317
2023-05-25 11:40:00,39,52.0,49.933064,48.550026
2023-05-25 11:50:00,39,49.0,53.406845,50.073647
2023-05-25 12:00:00,39,88.0,54.46675,51.07984
2023-05-25 12:10:00,39,98.0,64.15401,59.589787
2023-05-25 12:20:00,39,92.0,76.48106,69.845795
2023-05-25 12:30:00,39,74.0,82.49681,77.11444
2023-05-25 12:40:00,39,99.0,79.79848,75.34578
2023-05-25 12:50:00,39,86.0,84.43824,79.364395
2023-05-25 13:00:00,39,77.0,83.035675,79.69328
2023-05-25 13:10:00,39,69.0,79.53224,76.93546
2023-05-25 13:20:00,39,56.0,76.25862,73.10992
2023-05-25 13:30:00,39,52.0,70.0759,65.71639
