path,type,kb
config_active.json,.json,2.3
pipeline_state.json,.json,0.4
cache/file_manifest__2023__7fda0833bf.parquet,.parquet,9.4
cache/day_source_map__2023__9fe854d7ee.parquet,.parquet,7.5
cache/file_manifest_full.csv,.csv,13.8
cache/ingestion_audit_2023.csv,.csv,1.6
cache/day_source_map_2023.csv,.csv,24.3
cache/qc_2023.json,.json,0.6
cache/tensors/tensors__2023__084ad33c34.pkl,.pkl,128701.6
cache/tensors/exogenous__2023__c29b8b64eb.pkl,.pkl,13971.6
cache/tensors/windows__2023__5b7a3a5529.pkl,.pkl,121.9
cache/graphs/spatial_probe__2023__ec43276801.pkl,.pkl,2996.0
cache/graphs/A_topo__2023__d6587516ea.pkl,.pkl,142.8
cache/graphs/graph_mask__2023__e163a6c92d.pkl,.pkl,1853.9
cache/graphs/delay_support__2023__0b147800fc.pkl,.pkl,571.3
cache/graphs/C_venue__2023__c38cca5bff.pkl,.pkl,147.9
cache/graphs/cdg_hourly_graphs_2023.npz,.npz,256.3
cache/graphs/cdg_regime_graphs_2023.npz,.npz,94.2
cache/graphs/graph_mask__2023__a797568561.pkl,.pkl,1853.9
cache/graphs/delay_support__2023__d224307b6a.pkl,.pkl,571.3
cache/graphs/persona_graph_distinctness_2023.csv,.csv,0.5
cache/graphs/delay_network_corr_2023.csv,.csv,0.2
cache/graphs/A_delta_2023.npz,.npz,53.0
cache/personas/card_signatures__2023__b08eb4f084.pkl,.pkl,125.8
cache/personas/persona_prior__2023__4d0870a6c1.pkl,.pkl,7.9
cache/personas/persona_assignment_2023.csv,.csv,3.8
cache/personas/card_signatures_2023.csv,.csv,6.5
cache/events/events__2023__759bb12f03.pkl,.pkl,4783.7
data/metadata/station_metadata.csv,.csv,11.3
data/metadata/event_venues.csv,.csv,0.6
data/metadata/event_calendar.csv,.csv,0.8
data/metadata/weather.csv,.csv,0.1
data/metadata/DETECTED_event_candidates_2023.csv,.csv,13.9
runs/2023__LSTM/config.json,.json,2.0
runs/2023__LSTM/history.csv,.csv,7.9
runs/2023__LSTM/state.json,.json,0.1
runs/2023__LSTM/DONE,,0.1
runs/2023__TCN/config.json,.json,2.0
runs/2023__TCN/history.csv,.csv,4.9
runs/2023__TCN/state.json,.json,0.1
runs/2023__TCN/DONE,,0.1
runs/2023__ConvLSTM/config.json,.json,2.0
runs/2023__ConvLSTM/history.csv,.csv,7.9
runs/2023__ConvLSTM/state.json,.json,0.1
runs/2023__ConvLSTM/DONE,,0.1
runs/2023__SVR-LSTM/config.json,.json,2.0
runs/2023__SVR-LSTM/DONE,,0.1
runs/2023__SVR-LSTM/history.csv,.csv,7.9
runs/2023__SVR-LSTM/state.json,.json,0.1
runs/2023__STGCN/config.json,.json,2.0
runs/2023__STGCN/history.csv,.csv,8.0
runs/2023__STGCN/state.json,.json,0.1
runs/2023__STGCN/DONE,,0.1
runs/2023__DCRNN/config.json,.json,2.0
runs/2023__DCRNN/DONE,,0.1
runs/2023__DCRNN/history.csv,.csv,8.0
runs/2023__DCRNN/state.json,.json,0.1
runs/2023__Graph_WaveNet/config.json,.json,2.0
runs/2023__Graph_WaveNet/history.csv,.csv,7.9
runs/2023__Graph_WaveNet/state.json,.json,0.1
runs/2023__Graph_WaveNet/DONE,,0.1
runs/2023__AGCRN/config.json,.json,2.0
runs/2023__AGCRN/DONE,,0.1
runs/2023__AGCRN/state.json,.json,0.1
runs/2023__AGCRN/history.csv,.csv,8.0
runs/2023__TGALSTM/config.json,.json,2.0
runs/2023__TGALSTM/history.csv,.csv,8.0
runs/2023__TGALSTM/state.json,.json,0.1
runs/2023__TGALSTM/DONE,,0.1
runs/2023__TDAG-Net/config.json,.json,2.0
runs/2023__TDAG-Net/DONE,,0.1
runs/2023__TDAG-Net/history.csv,.csv,7.9
runs/2023__TDAG-Net/state.json,.json,0.1
runs/2023__TDAG-Net_Input-Splitter/config.json,.json,2.0
runs/2023__TDAG-Net_Input-Splitter/DONE,,0.1
runs/2023__TDAG-Net_Input-Splitter/history.csv,.csv,7.9
runs/2023__TDAG-Net_Input-Splitter/state.json,.json,0.1
runs/2023__Ensemble_member_0/DONE,,0.1
runs/2023__Ensemble_member_0/history.csv,.csv,8.1
runs/2023__Ensemble_member_0/state.json,.json,0.1
runs/2023__Ensemble_member_0/config.json,.json,2.0
runs/2023__Ensemble_member_1/config.json,.json,2.0
runs/2023__Ensemble_member_1/DONE,,0.1
runs/2023__Ensemble_member_1/history.csv,.csv,7.4
runs/2023__Ensemble_member_1/state.json,.json,0.1
runs/2023__Ensemble_member_2/config.json,.json,2.0
runs/2023__Ensemble_member_2/DONE,,0.1
runs/2023__Ensemble_member_2/history.csv,.csv,7.6
runs/2023__Ensemble_member_2/state.json,.json,0.1
runs/2023__CALM-Net/config.json,.json,2.0
runs/2023__CALM-Net/DONE,,0.1
runs/2023__CALM-Net/history.csv,.csv,8.0
runs/2023__CALM-Net/state.json,.json,0.1
runs/2023__CALM-Net_w_o_CDG/config.json,.json,2.0
runs/2023__CALM-Net_w_o_CDG/history.csv,.csv,8.0
runs/2023__CALM-Net_w_o_CDG/state.json,.json,0.1
runs/2023__CALM-Net_w_o_CDG/DONE,,0.1
runs/2023__CALM-Net_w_o_BFC/config.json,.json,2.0
runs/2023__CALM-Net_w_o_BFC/history.csv,.csv,7.9
runs/2023__CALM-Net_w_o_BFC/state.json,.json,0.1
runs/2023__CALM-Net_w_o_BFC/DONE,,0.1
runs/2023__CALM-Net_w_o_PMC/config.json,.json,2.0
runs/2023__CALM-Net_w_o_PMC/history.csv,.csv,8.0
runs/2023__CALM-Net_w_o_PMC/state.json,.json,0.1
runs/2023__CALM-Net_w_o_PMC/DONE,,0.1
runs/2023__CALM-Net_w_o_ECQ/config.json,.json,2.0
runs/2023__CALM-Net_w_o_ECQ/history.csv,.csv,7.8
runs/2023__CALM-Net_w_o_ECQ/state.json,.json,0.1
runs/2023__CALM-Net_w_o_ECQ/DONE,,0.1
runs/2023__CALM-Net_delta_0/config.json,.json,2.0
runs/2023__CALM-Net_delta_0/history.csv,.csv,8.0
runs/2023__CALM-Net_delta_0/state.json,.json,0.1
runs/2023__CALM-Net_delta_0/DONE,,0.1
runs/2023__CALM-Net_delta_1/config.json,.json,2.0
runs/2023__CALM-Net_delta_1/history.csv,.csv,8.0
runs/2023__CALM-Net_delta_1/state.json,.json,0.1
runs/2023__CALM-Net_delta_1/DONE,,0.1
runs/2023__CALM-Net_delta_2/config.json,.json,2.0
runs/2023__CALM-Net_delta_2/history.csv,.csv,8.0
runs/2023__CALM-Net_delta_2/state.json,.json,0.1
runs/2023__CALM-Net_delta_2/DONE,,0.1
runs/2023__MC-Dropout/config.json,.json,2.0
runs/2023__MC-Dropout/history.csv,.csv,7.8
runs/2023__MC-Dropout/state.json,.json,0.1
runs/2023__MC-Dropout/DONE,,0.1
runs/2023__Quantile_Reg./config.json,.json,2.0
runs/2023__Quantile_Reg./history.csv,.csv,8.0
runs/2023__Quantile_Reg./state.json,.json,0.1
runs/2023__Quantile_Reg./DONE,,0.1
runs/2023__v2__Graph_WaveNet/config.json,.json,2.1
runs/2023__v2__Graph_WaveNet/history.csv,.csv,7.9
runs/2023__v2__Graph_WaveNet/state.json,.json,0.1
runs/2023__v2__Graph_WaveNet/DONE,,0.1
runs/2023__v2__AGCRN_seed_42/config.json,.json,2.1
runs/2023__v2__AGCRN_seed_42/DONE,,0.1
runs/2023__v2__AGCRN_seed_42/history.csv,.csv,8.0
runs/2023__v2__AGCRN_seed_42/state.json,.json,0.1
runs/2023__v2__AGCRN_seed_1337/config.json,.json,2.1
runs/2023__v2__AGCRN_seed_1337/DONE,,0.1
runs/2023__v2__AGCRN_seed_1337/state.json,.json,0.1
runs/2023__v2__AGCRN_seed_1337/history.csv,.csv,8.0
runs/2023__v2__AGCRN_seed_7/config.json,.json,2.1
runs/2023__v2__AGCRN_seed_7/DONE,,0.1
runs/2023__v2__AGCRN_seed_7/history.csv,.csv,7.9
runs/2023__v2__AGCRN_seed_7/state.json,.json,0.1
runs/2023__v2__TGALSTM/config.json,.json,2.1
runs/2023__v2__TGALSTM/history.csv,.csv,7.9
runs/2023__v2__TGALSTM/state.json,.json,0.1
runs/2023__v2__TGALSTM/DONE,,0.1
runs/2023__v2__TDAG-Net_seed_42/config.json,.json,2.1
runs/2023__v2__TDAG-Net_seed_42/DONE,,0.1
runs/2023__v2__TDAG-Net_seed_42/history.csv,.csv,7.9
runs/2023__v2__TDAG-Net_seed_42/state.json,.json,0.1
runs/2023__v2__TDAG-Net_seed_1337/config.json,.json,2.1
runs/2023__v2__TDAG-Net_seed_1337/DONE,,0.1
runs/2023__v2__TDAG-Net_seed_1337/history.csv,.csv,7.9
runs/2023__v2__TDAG-Net_seed_1337/state.json,.json,0.1
runs/2023__v2__TDAG-Net_seed_7/config.json,.json,2.1
runs/2023__v2__TDAG-Net_seed_7/DONE,,0.1
runs/2023__v2__TDAG-Net_seed_7/history.csv,.csv,7.9
runs/2023__v2__TDAG-Net_seed_7/state.json,.json,0.1
runs/2023__v2__TDAG-Net_Input-Splitter_seed_42/config.json,.json,2.1
runs/2023__v2__TDAG-Net_Input-Splitter_seed_42/DONE,,0.1
runs/2023__v2__TDAG-Net_Input-Splitter_seed_42/state.json,.json,0.1
runs/2023__v2__TDAG-Net_Input-Splitter_seed_42/history.csv,.csv,7.9
runs/2023__v2__TDAG-Net_Input-Splitter_seed_1337/config.json,.json,2.1
runs/2023__v2__TDAG-Net_Input-Splitter_seed_1337/DONE,,0.1
runs/2023__v2__TDAG-Net_Input-Splitter_seed_1337/state.json,.json,0.1
runs/2023__v2__TDAG-Net_Input-Splitter_seed_1337/history.csv,.csv,7.9
runs/2023__v2__TDAG-Net_Input-Splitter_seed_7/config.json,.json,2.1
runs/2023__v2__TDAG-Net_Input-Splitter_seed_7/DONE,,0.1
runs/2023__v2__TDAG-Net_Input-Splitter_seed_7/history.csv,.csv,8.0
runs/2023__v2__TDAG-Net_Input-Splitter_seed_7/state.json,.json,0.1
runs/2023__v2__CALM-Net_seed_42/DONE,,0.1
runs/2023__v2__CALM-Net_seed_42/history.csv,.csv,8.0
runs/2023__v2__CALM-Net_seed_42/state.json,.json,0.1
runs/2023__v2__CALM-Net_seed_42/config.json,.json,2.1
runs/2023__v2__CALM-Net_xconf_fold_0/DONE,,0.1
runs/2023__v2__CALM-Net_xconf_fold_0/history.csv,.csv,8.0
runs/2023__v2__CALM-Net_xconf_fold_0/state.json,.json,0.1
runs/2023__v2__CALM-Net_xconf_fold_0/config.json,.json,2.1
runs/2023__v2__CALM-Net_xconf_fold_1/DONE,,0.1
runs/2023__v2__CALM-Net_xconf_fold_1/history.csv,.csv,8.0
runs/2023__v2__CALM-Net_xconf_fold_1/state.json,.json,0.1
runs/2023__v2__CALM-Net_xconf_fold_1/config.json,.json,2.1
runs/2023__v2__CALM-Net_xconf_fold_2/config.json,.json,2.1
runs/2023__v2__CALM-Net_xconf_fold_2/DONE,,0.1
runs/2023__v2__CALM-Net_xconf_fold_2/history.csv,.csv,8.1
runs/2023__v2__CALM-Net_xconf_fold_2/state.json,.json,0.1
runs/2023__v2__CALM-Net_xconf_fold_3/config.json,.json,2.1
runs/2023__v2__CALM-Net_xconf_fold_3/DONE,,0.1
runs/2023__v2__CALM-Net_xconf_fold_3/history.csv,.csv,8.1
runs/2023__v2__CALM-Net_xconf_fold_3/state.json,.json,0.1
runs/2023__v2__CALM-Net_xconf_fold_4/config.json,.json,2.1
runs/2023__v2__CALM-Net_xconf_fold_4/DONE,,0.1
runs/2023__v2__CALM-Net_xconf_fold_4/history.csv,.csv,8.1
runs/2023__v2__CALM-Net_xconf_fold_4/state.json,.json,0.1
runs/2023__v2__CALM-Net_seed_1337/config.json,.json,2.1
runs/2023__v2__CALM-Net_seed_1337/DONE,,0.1
runs/2023__v2__CALM-Net_seed_1337/history.csv,.csv,8.0
runs/2023__v2__CALM-Net_seed_1337/state.json,.json,0.1
runs/2023__v2__CALM-Net_seed_7/config.json,.json,2.1
runs/2023__v2__CALM-Net_seed_7/DONE,,0.1
runs/2023__v2__CALM-Net_seed_7/history.csv,.csv,8.1
runs/2023__v2__CALM-Net_seed_7/state.json,.json,0.1
runs/2023__v2__Encoder_control_no_modules_seed_42/config.json,.json,2.1
runs/2023__v2__Encoder_control_no_modules_seed_42/DONE,,0.1
runs/2023__v2__Encoder_control_no_modules_seed_42/history.csv,.csv,4.6
runs/2023__v2__Encoder_control_no_modules_seed_42/state.json,.json,0.1
runs/2023__v2__Encoder_control_no_modules_seed_1337/config.json,.json,2.1
runs/2023__v2__Encoder_control_no_modules_seed_1337/DONE,,0.1
runs/2023__v2__Encoder_control_no_modules_seed_1337/history.csv,.csv,4.1
runs/2023__v2__Encoder_control_no_modules_seed_1337/state.json,.json,0.1
runs/2023__v2__Encoder_control_no_modules_seed_7/config.json,.json,2.1
runs/2023__v2__Encoder_control_no_modules_seed_7/DONE,,0.1
runs/2023__v2__Encoder_control_no_modules_seed_7/history.csv,.csv,2.6
runs/2023__v2__Encoder_control_no_modules_seed_7/state.json,.json,0.1
runs/2023__v2__CALM-Net_w_o_CDG_seed_42/config.json,.json,2.1
runs/2023__v2__CALM-Net_w_o_CDG_seed_42/history.csv,.csv,2.4
runs/2023__v2__CALM-Net_w_o_CDG_seed_42/state.json,.json,0.1
runs/2023__v2__CRISP-Net/config.json,.json,2.3
runs/2023__v2__CRISP-Net/DONE,,0.1
runs/2023__v2__CRISP-Net/history.csv,.csv,7.9
runs/2023__v2__CRISP-Net/state.json,.json,0.1
runs/2023__v2__CRISP-Net_xconf_fold_0/config.json,.json,2.3
runs/2023__v2__CRISP-Net_xconf_fold_0/history.csv,.csv,7.9
runs/2023__v2__CRISP-Net_xconf_fold_0/state.json,.json,0.1
runs/2023__v2__CRISP-Net_xconf_fold_0/DONE,,0.1
runs/2023__v2__CRISP-Net_xconf_fold_1/config.json,.json,2.3
runs/2023__v2__CRISP-Net_xconf_fold_1/history.csv,.csv,7.9
runs/2023__v2__CRISP-Net_xconf_fold_1/state.json,.json,0.1
runs/2023__v2__CRISP-Net_xconf_fold_1/DONE,,0.1
runs/2023__v2__CRISP-Net_xconf_fold_2/config.json,.json,2.3
runs/2023__v2__CRISP-Net_xconf_fold_2/history.csv,.csv,7.9
runs/2023__v2__CRISP-Net_xconf_fold_2/state.json,.json,0.1
runs/2023__v2__CRISP-Net_xconf_fold_2/DONE,,0.1
runs/2023__v2__CRISP-Net_xconf_fold_3/config.json,.json,2.3
runs/2023__v2__CRISP-Net_xconf_fold_3/history.csv,.csv,7.9
runs/2023__v2__CRISP-Net_xconf_fold_3/state.json,.json,0.1
runs/2023__v2__CRISP-Net_xconf_fold_3/DONE,,0.1
runs/2023__v2__CRISP-Net_xconf_fold_4/config.json,.json,2.3
runs/2023__v2__CRISP-Net_xconf_fold_4/history.csv,.csv,7.9
runs/2023__v2__CRISP-Net_xconf_fold_4/state.json,.json,0.1
runs/2023__v2__CRISP-Net_xconf_fold_4/DONE,,0.1
runs/2023__v2__CRISP-Net_w_o_gates/config.json,.json,2.3
runs/2023__v2__CRISP-Net_w_o_gates/DONE,,0.1
runs/2023__v2__CRISP-Net_w_o_gates/history.csv,.csv,7.9
runs/2023__v2__CRISP-Net_w_o_gates/state.json,.json,0.1
runs/2023__v2__CRISP-Net_w_o_gates_xconf_fold_0/config.json,.json,2.3
runs/2023__v2__CRISP-Net_w_o_gates_xconf_fold_0/history.csv,.csv,7.9
runs/2023__v2__CRISP-Net_w_o_gates_xconf_fold_0/state.json,.json,0.1
runs/2023__v2__CRISP-Net_w_o_gates_xconf_fold_0/DONE,,0.1
runs/2023__v2__CRISP-Net_w_o_gates_xconf_fold_1/config.json,.json,2.3
runs/2023__v2__CRISP-Net_w_o_gates_xconf_fold_1/history.csv,.csv,7.9
runs/2023__v2__CRISP-Net_w_o_gates_xconf_fold_1/state.json,.json,0.1
runs/2023__v2__CRISP-Net_w_o_gates_xconf_fold_1/DONE,,0.1
runs/2023__v2__CRISP-Net_w_o_gates_xconf_fold_2/config.json,.json,2.3
runs/2023__v2__CRISP-Net_w_o_gates_xconf_fold_2/history.csv,.csv,7.9
runs/2023__v2__CRISP-Net_w_o_gates_xconf_fold_2/state.json,.json,0.1
runs/2023__v2__CRISP-Net_w_o_gates_xconf_fold_2/DONE,,0.1
runs/2023__v2__CRISP-Net_w_o_gates_xconf_fold_3/config.json,.json,2.3
runs/2023__v2__CRISP-Net_w_o_gates_xconf_fold_3/history.csv,.csv,7.9
runs/2023__v2__CRISP-Net_w_o_gates_xconf_fold_3/state.json,.json,0.1
runs/2023__v2__CRISP-Net_w_o_gates_xconf_fold_3/DONE,,0.1
runs/2023__v2__CRISP-Net_w_o_gates_xconf_fold_4/config.json,.json,2.3
runs/2023__v2__CRISP-Net_w_o_gates_xconf_fold_4/history.csv,.csv,7.9
runs/2023__v2__CRISP-Net_w_o_gates_xconf_fold_4/state.json,.json,0.1
runs/2023__v2__CRISP-Net_w_o_gates_xconf_fold_4/DONE,,0.1
runs/2023__v2__CRISP-Net_w_o_PRI/config.json,.json,2.3
runs/2023__v2__CRISP-Net_w_o_PRI/DONE,,0.1
runs/2023__v2__CRISP-Net_w_o_PRI/history.csv,.csv,8.0
runs/2023__v2__CRISP-Net_w_o_PRI/state.json,.json,0.1
runs/2023__v2__CRISP-Net_w_o_PRI_xconf_fold_0/config.json,.json,2.3
runs/2023__v2__CRISP-Net_w_o_PRI_xconf_fold_0/history.csv,.csv,8.0
runs/2023__v2__CRISP-Net_w_o_PRI_xconf_fold_0/state.json,.json,0.1
runs/2023__v2__CRISP-Net_w_o_PRI_xconf_fold_0/DONE,,0.1
runs/2023__v2__CRISP-Net_w_o_PRI_xconf_fold_1/config.json,.json,2.3
runs/2023__v2__CRISP-Net_w_o_PRI_xconf_fold_1/history.csv,.csv,7.9
runs/2023__v2__CRISP-Net_w_o_PRI_xconf_fold_1/state.json,.json,0.1
runs/2023__v2__CRISP-Net_w_o_PRI_xconf_fold_1/DONE,,0.1
runs/2023__v2__CRISP-Net_w_o_PRI_xconf_fold_2/config.json,.json,2.3
runs/2023__v2__CRISP-Net_w_o_PRI_xconf_fold_2/history.csv,.csv,7.9
runs/2023__v2__CRISP-Net_w_o_PRI_xconf_fold_2/state.json,.json,0.1
runs/2023__v2__CRISP-Net_w_o_PRI_xconf_fold_2/DONE,,0.1
runs/2023__v2__CRISP-Net_w_o_PRI_xconf_fold_3/config.json,.json,2.3
runs/2023__v2__CRISP-Net_w_o_PRI_xconf_fold_3/history.csv,.csv,7.9
runs/2023__v2__CRISP-Net_w_o_PRI_xconf_fold_3/state.json,.json,0.1
runs/2023__v2__CRISP-Net_w_o_PRI_xconf_fold_3/DONE,,0.1
runs/2023__v2__CRISP-Net_w_o_PRI_xconf_fold_4/config.json,.json,2.3
runs/2023__v2__CRISP-Net_w_o_PRI_xconf_fold_4/history.csv,.csv,7.9
runs/2023__v2__CRISP-Net_w_o_PRI_xconf_fold_4/state.json,.json,0.1
runs/2023__v2__CRISP-Net_w_o_PRI_xconf_fold_4/DONE,,0.1
runs/2023__v2__MC-Dropout/DONE,,0.1
runs/2023__v2__MC-Dropout/history.csv,.csv,7.9
runs/2023__v2__MC-Dropout/state.json,.json,0.1
runs/2023__v2__MC-Dropout/config.json,.json,2.3
runs/2023__v2__MC-Dropout_xconf_fold_0/history.csv,.csv,7.9
runs/2023__v2__MC-Dropout_xconf_fold_0/state.json,.json,0.1
runs/2023__v2__MC-Dropout_xconf_fold_0/DONE,,0.1
runs/2023__v2__MC-Dropout_xconf_fold_0/config.json,.json,2.3
runs/2023__v2__MC-Dropout_xconf_fold_1/config.json,.json,2.3
runs/2023__v2__MC-Dropout_xconf_fold_1/DONE,,0.1
runs/2023__v2__MC-Dropout_xconf_fold_1/history.csv,.csv,7.9
runs/2023__v2__MC-Dropout_xconf_fold_1/state.json,.json,0.1
runs/2023__v2__MC-Dropout_xconf_fold_2/config.json,.json,2.3
runs/2023__v2__MC-Dropout_xconf_fold_2/history.csv,.csv,7.9
runs/2023__v2__MC-Dropout_xconf_fold_2/state.json,.json,0.1
runs/2023__v2__MC-Dropout_xconf_fold_2/DONE,,0.1
runs/2023__v2__MC-Dropout_xconf_fold_3/config.json,.json,2.3
runs/2023__v2__MC-Dropout_xconf_fold_3/history.csv,.csv,7.9
runs/2023__v2__MC-Dropout_xconf_fold_3/state.json,.json,0.1
runs/2023__v2__MC-Dropout_xconf_fold_3/DONE,,0.1
runs/2023__v2__MC-Dropout_xconf_fold_4/config.json,.json,2.3
runs/2023__v2__MC-Dropout_xconf_fold_4/history.csv,.csv,7.9
runs/2023__v2__MC-Dropout_xconf_fold_4/state.json,.json,0.1
runs/2023__v2__MC-Dropout_xconf_fold_4/DONE,,0.1
runs/2023__v2__Ensemble_member_0/DONE,,0.1
runs/2023__v2__Ensemble_member_0/history.csv,.csv,7.9
runs/2023__v2__Ensemble_member_0/state.json,.json,0.1
runs/2023__v2__Ensemble_member_0/config.json,.json,2.3
runs/2023__v2__Ensemble_member_1/DONE,,0.1
runs/2023__v2__Ensemble_member_1/history.csv,.csv,7.9
runs/2023__v2__Ensemble_member_1/state.json,.json,0.1
runs/2023__v2__Ensemble_member_1/config.json,.json,2.3
runs/2023__v2__Ensemble_member_2/DONE,,0.1
runs/2023__v2__Ensemble_member_2/history.csv,.csv,7.9
runs/2023__v2__Ensemble_member_2/state.json,.json,0.1
runs/2023__v2__Ensemble_member_2/config.json,.json,2.3
runs/2023__v2__Ensemble_member_3/DONE,,0.1
runs/2023__v2__Ensemble_member_3/history.csv,.csv,7.9
runs/2023__v2__Ensemble_member_3/state.json,.json,0.1
runs/2023__v2__Ensemble_member_3/config.json,.json,2.3
runs/2023__v2__Ensemble_member_4/DONE,,0.1
runs/2023__v2__Ensemble_member_4/history.csv,.csv,7.9
runs/2023__v2__Ensemble_member_4/state.json,.json,0.1
runs/2023__v2__Ensemble_member_4/config.json,.json,2.3
runs/2023__v2__AGCRN_transfer/config.json,.json,2.3
runs/2023__v2__Graph_WaveNet_transfer/config.json,.json,2.3
runs/2023__v2__TDAG-Net_transfer/config.json,.json,2.3
runs/2023__v2__TDAG-Net_Input-Splitter_transfer/config.json,.json,2.3
figures/INDEX.csv,.csv,8.3
figures/01_corpus/F01_fig_ingestion_audit.png,.png,401.2
figures/01_corpus/F01_fig_ingestion_audit.pdf,.pdf,20.1
figures/01_corpus/F01_fig_ingestion_audit_data.csv,.csv,1.7
figures/01_corpus/F02_fig_daily_ridership.png,.png,397.3
figures/01_corpus/F02_fig_daily_ridership.pdf,.pdf,26.2
figures/01_corpus/F02_fig_daily_ridership_data.csv,.csv,2.6
figures/01_corpus/F03_fig_coverage_calendar.png,.png,346.2
figures/01_corpus/F03_fig_coverage_calendar.pdf,.pdf,60.5
figures/01_corpus/F03_fig_coverage_calendar_data.csv,.csv,1.9
figures/01_corpus/F04_fig_card_pareto.png,.png,273.1
figures/01_corpus/F04_fig_card_pareto.pdf,.pdf,21.6
figures/01_corpus/F04_fig_card_pareto_data.csv,.csv,6.9
figures/01_corpus/F05_fig_card_signature_heatmap.png,.png,445.2
figures/01_corpus/F05_fig_card_signature_heatmap.pdf,.pdf,91.7
figures/01_corpus/F05_fig_card_signature_heatmap_data.csv,.csv,55.7
figures/01_corpus/F06_fig_demand_concentration.png,.png,244.2
figures/01_corpus/F06_fig_demand_concentration.pdf,.pdf,26.0
figures/01_corpus/F06_fig_demand_concentration_data.csv,.csv,5.9
figures/01_corpus/F07_fig_delay_evidence.png,.png,270.9
figures/01_corpus/F07_fig_delay_evidence.pdf,.pdf,23.4
figures/01_corpus/F07_fig_delay_evidence_data.csv,.csv,0.2
figures/02_persona/F08_fig_persona_space.png,.png,214.5
figures/02_persona/F08_fig_persona_space.pdf,.pdf,23.8
figures/02_persona/F08_fig_persona_space_data.csv,.csv,1.7
figures/02_persona/F09_fig_persona_profiles.png,.png,390.2
figures/02_persona/F09_fig_persona_profiles.pdf,.pdf,29.3
figures/02_persona/F09_fig_persona_profiles_data.csv,.csv,9.1
figures/02_persona/F10_fig_prior_matrix.png,.png,448.1
figures/02_persona/F10_fig_prior_matrix.pdf,.pdf,42.0
figures/02_persona/F10_fig_prior_matrix_data.csv,.csv,2.2
figures/02_persona/F11_fig_pi_trajectory.png,.png,286.0
figures/02_persona/F11_fig_pi_trajectory.pdf,.pdf,31.3
figures/02_persona/F11_fig_pi_trajectory_data.csv,.csv,9.3
figures/02_persona/F12_fig_context_vector.png,.png,351.2
figures/02_persona/F12_fig_context_vector.pdf,.pdf,29.3
figures/02_persona/F12_fig_context_vector_data.csv,.csv,0.1
figures/03_graph/F13_fig_network_graph.png,.png,502.0
figures/03_graph/F13_fig_network_graph.pdf,.pdf,58.0
figures/03_graph/F13_fig_network_graph_data.csv,.csv,2.8
figures/03_graph/F14_fig_mask_panel.png,.png,584.3
figures/03_graph/F14_fig_mask_panel.pdf,.pdf,207.1
figures/03_graph/F14_fig_mask_panel_data.csv,.csv,0.1
figures/03_graph/F15_fig_delta_adjacency.png,.png,251.8
figures/03_graph/F15_fig_delta_adjacency.pdf,.pdf,74.7
figures/03_graph/F15_fig_delta_adjacency_data.csv,.csv,0.2
figures/03_graph/F16_fig_flow_heatmap.png,.png,420.8
figures/03_graph/F16_fig_flow_heatmap.pdf,.pdf,151.6
figures/03_graph/F16_fig_flow_heatmap_data.csv,.csv,0.2
figures/04_event/F17_fig_event_scan.png,.png,483.6
figures/04_event/F17_fig_event_scan.pdf,.pdf,1381.9
figures/04_event/F17_fig_event_scan_data.csv,.csv,13.9
figures/04_event/F18_fig_event_anatomy.png,.png,488.6
figures/04_event/F18_fig_event_anatomy.pdf,.pdf,31.8
figures/04_event/F18_fig_event_anatomy_data.csv,.csv,1.4
figures/04_event/F19_fig_event_vs_normal.png,.png,304.4
figures/04_event/F19_fig_event_vs_normal.pdf,.pdf,26.2
figures/04_event/F19_fig_event_vs_normal_data.csv,.csv,0.2
figures/05_training/F20_fig_training_curves.png,.png,612.3
figures/05_training/F20_fig_training_curves.pdf,.pdf,36.2
figures/05_training/F20_fig_training_curves_data.csv,.csv,38.1
figures/06_results/F23_fig_horizon_degradation.png,.png,447.9
figures/06_results/F21_fig_metric_comparison.pdf,.pdf,24.4
figures/06_results/F22_fig_channel_breakdown.pdf,.pdf,21.2
figures/06_results/F22_fig_channel_breakdown.png,.png,130.4
figures/06_results/F21_fig_metric_comparison.png,.png,444.2
figures/06_results/F21_fig_metric_comparison_data.csv,.csv,1.0
figures/06_results/F22_fig_channel_breakdown_data.csv,.csv,0.9
figures/06_results/F23_fig_horizon_degradation.pdf,.pdf,28.6
figures/06_results/F23_fig_horizon_degradation_data.csv,.csv,0.9
figures/06_results/F24_fig_prediction_traces.png,.png,1379.8
figures/06_results/F24_fig_prediction_traces.pdf,.pdf,54.1
figures/06_results/F24_fig_prediction_traces_data.csv,.csv,40.4
figures/06_results/F25_fig_event_zoom.png,.png,388.7
figures/06_results/F25_fig_event_zoom.pdf,.pdf,28.1
figures/06_results/F25_fig_event_zoom_data.csv,.csv,3.3
figures/06_results/F26_fig_ablation.png,.png,130.5
figures/06_results/F26_fig_ablation.pdf,.pdf,20.2
figures/06_results/F26_fig_ablation_data.csv,.csv,0.5
figures/06_results/F27_fig_decisive_coverage.png,.png,353.1
figures/06_results/F27_fig_decisive_coverage.pdf,.pdf,25.0
figures/06_results/F27_fig_decisive_coverage_data.csv,.csv,1.3
figures/06_results/F28_fig_residuals.png,.png,404.1
figures/06_results/F28_fig_residuals.pdf,.pdf,466.8
figures/06_results/F28_fig_residuals_data.csv,.csv,4.3
figures/07_uncertainty/F29_fig_calibration.png,.png,212.3
figures/07_uncertainty/F29_fig_calibration.pdf,.pdf,23.0
figures/07_uncertainty/F29_fig_calibration_data.csv,.csv,0.8
figures/07_uncertainty/F30_fig_conditional_coverage.png,.png,226.9
figures/07_uncertainty/F30_fig_conditional_coverage.pdf,.pdf,25.6
figures/07_uncertainty/F30_fig_conditional_coverage_data.csv,.csv,2.0
figures/07_uncertainty/F31_fig_peak_containment.png,.png,648.1
figures/07_uncertainty/F31_fig_peak_containment.pdf,.pdf,320.1
figures/07_uncertainty/F31_fig_peak_containment_data.csv,.csv,0.5
figures/07_uncertainty/F32_fig_interval_fan.png,.png,448.1
figures/07_uncertainty/F32_fig_interval_fan.pdf,.pdf,30.0
figures/07_uncertainty/F32_fig_interval_fan_data.csv,.csv,5.7
figures/07_uncertainty/F33_fig_conformal_transfer.png,.png,267.3
figures/07_uncertainty/F33_fig_conformal_transfer.pdf,.pdf,23.2
figures/07_uncertainty/F33_fig_conformal_transfer_data.csv,.csv,0.6
figures/07_uncertainty/F34_fig_persona_gates.png,.png,185.1
figures/07_uncertainty/F34_fig_persona_gates.pdf,.pdf,21.1
figures/07_uncertainty/F34_fig_persona_gates_data.csv,.csv,0.5
results/interpretability_2023.json,.json,1.5
results/model_registry_2023_v2.csv,.csv,0.4
results/training_summary_2023_v2.csv,.csv,3.2
results/persona_gates_2023_v2.csv,.csv,0.5
results/interpretability_2023_v2.json,.json,3.9
results/metrics/2023__LSTM.json,.json,3.8
results/metrics/2023__TCN.json,.json,3.8
results/metrics/2023__ConvLSTM.json,.json,3.8
results/metrics/2023__SVR-LSTM.json,.json,3.8
results/metrics/2023__STGCN.json,.json,3.8
results/metrics/2023__DCRNN.json,.json,3.8
results/metrics/2023__Graph_WaveNet.json,.json,3.8
results/metrics/2023__AGCRN.json,.json,3.9
results/metrics/2023__TGALSTM.json,.json,3.8
results/metrics/2023__TDAG-Net.json,.json,3.9
results/metrics/2023__TDAG-Net_Input-Splitter.json,.json,3.9
results/metrics/2023__Deep_Ensemble.json,.json,6.5
results/metrics/2023__CALM-Net.json,.json,6.5
results/metrics/2023__CALM-Net_w_o_CDG.json,.json,6.5
results/metrics/2023__CALM-Net_w_o_BFC.json,.json,6.5
results/metrics/2023__CALM-Net_w_o_PMC.json,.json,6.5
results/metrics/2023__CALM-Net_w_o_ECQ.json,.json,3.8
results/metrics/2023__CALM-Net_delta_0.json,.json,6.5
results/metrics/2023__CALM-Net_delta_1.json,.json,6.5
results/metrics/2023__CALM-Net_delta_2.json,.json,6.5
results/metrics/2023__MC-Dropout.json,.json,6.5
results/metrics/2023__Quantile_Reg..json,.json,6.5
results/metrics/2023__v2__Graph_WaveNet.json,.json,3.9
results/metrics/2023__v2__AGCRN.json,.json,5.6
results/metrics/2023__v2__TGALSTM.json,.json,3.9
results/metrics/2023__v2__TDAG-Net.json,.json,5.6
results/metrics/2023__v2__TDAG-Net_Input-Splitter.json,.json,5.6
results/metrics/2023__v2__CALM-Net.json,.json,8.5
results/metrics/2023__v2__Encoder_control_no_modules.json,.json,5.6
results/metrics/2023__v2__Deep_Ensemble.json,.json,7.1
results/metrics/2023__v2__CRISP-Net_M_5.json,.json,5.8
results/metrics/2023__v2__CRISP-Net.json,.json,7.1
results/metrics/2023__v2__CRISP-Net_w_o_gates.json,.json,7.1
results/metrics/2023__v2__CRISP-Net_w_o_PRI.json,.json,7.1
results/metrics/2023__v2__MC-Dropout.json,.json,7.1
results/tables/results_2023.tex,.tex,7.0
results/tables/model_parameters.csv,.csv,0.8
results/tables/event_results_2023.csv,.csv,2.5
results/tables/main_results_2023.csv,.csv,2.5
results/tables/normal_results_2023.csv,.csv,2.5
results/tables/per_channel_results_2023.csv,.csv,3.1
results/tables/conditional_coverage_2023.csv,.csv,0.4
results/tables/uncertainty_results_2023.csv,.csv,0.6
results/tables/model_parameters_v2.csv,.csv,0.6
results/tables/results_2023_v2.tex,.tex,6.8
results/tables/per_channel_results_2023_v2.csv,.csv,1.5
results/tables/decisive_coverage_2023_v2.csv,.csv,1.3
results/tables/main_results_2023_v2.csv,.csv,1.3
results/tables/normal_results_2023_v2.csv,.csv,1.3
results/tables/uncertainty_results_2023_v2.csv,.csv,0.8
results/tables/conditional_coverage_2023_v2.csv,.csv,0.4
results/tables/event_results_2023_v2.csv,.csv,1.3
results/tables/conformal_transfer_2023_v2.csv,.csv,0.5
results/predictions/2023__LSTM.npz,.npz,7229.3
results/predictions/2023__TCN.npz,.npz,7230.5
results/predictions/2023__ConvLSTM.npz,.npz,7254.6
results/predictions/2023__SVR-LSTM.npz,.npz,7230.8
results/predictions/2023__STGCN.npz,.npz,7255.6
results/predictions/2023__DCRNN.npz,.npz,7256.4
results/predictions/2023__Graph_WaveNet.npz,.npz,7254.8
results/predictions/2023__AGCRN.npz,.npz,7250.0
results/predictions/2023__TGALSTM.npz,.npz,7252.0
results/predictions/2023__TDAG-Net.npz,.npz,7251.4
results/predictions/2023__TDAG-Net_Input-Splitter.npz,.npz,7246.5
results/predictions/2023__Deep_Ensemble.npz,.npz,20638.5
results/predictions/2023__CALM-Net.npz,.npz,20648.6
results/predictions/2023__CALM-Net_w_o_CDG.npz,.npz,20646.8
results/predictions/2023__CALM-Net_w_o_BFC.npz,.npz,20645.6
results/predictions/2023__CALM-Net_w_o_PMC.npz,.npz,20646.8
results/predictions/2023__CALM-Net_w_o_ECQ.npz,.npz,7252.1
results/predictions/2023__CALM-Net_delta_0.npz,.npz,20643.3
results/predictions/2023__CALM-Net_delta_1.npz,.npz,20646.4
results/predictions/2023__CALM-Net_delta_2.npz,.npz,20645.8
results/predictions/2023__MC-Dropout.npz,.npz,20632.9
results/predictions/2023__Quantile_Reg..npz,.npz,20648.6
results/predictions/2023__v2__Graph_WaveNet.npz,.npz,7254.8
results/predictions/2023__v2__AGCRN.npz,.npz,7250.0
results/predictions/2023__v2__TGALSTM.npz,.npz,7251.8
results/predictions/2023__v2__TDAG-Net.npz,.npz,7251.6
results/predictions/2023__v2__TDAG-Net_Input-Splitter.npz,.npz,7251.5
results/predictions/2023__v2__CALM-Net.npz,.npz,20646.4
results/predictions/2023__v2__Encoder_control_no_modules.npz,.npz,7262.9
results/predictions/2023__v2__Deep_Ensemble.npz,.npz,33932.3
results/predictions/2023__v2__CRISP-Net_w_o_gates.npz,.npz,34099.9
results/predictions/2023__v2__CRISP-Net.npz,.npz,34091.2
results/predictions/2023__v2__CRISP-Net_w_o_PRI.npz,.npz,34061.6
results/predictions/2023__v2__MC-Dropout.npz,.npz,33928.6
results/conformal/2023__CALM-Net_bins.csv,.csv,0.3
results/conformal/2023__CALM-Net_calib.npz,.npz,6205.4
results/conformal/2023__CALM-Net_w_o_CDG_bins.csv,.csv,0.3
results/conformal/2023__CALM-Net_w_o_CDG_calib.npz,.npz,6204.7
results/conformal/2023__CALM-Net_w_o_BFC_bins.csv,.csv,0.3
results/conformal/2023__CALM-Net_w_o_BFC_calib.npz,.npz,6203.3
results/conformal/2023__CALM-Net_w_o_PMC_bins.csv,.csv,0.3
results/conformal/2023__CALM-Net_w_o_PMC_calib.npz,.npz,6204.9
results/conformal/2023__CALM-Net_delta_0_bins.csv,.csv,0.3
results/conformal/2023__CALM-Net_delta_0_calib.npz,.npz,6202.6
results/conformal/2023__CALM-Net_delta_1_bins.csv,.csv,0.3
results/conformal/2023__CALM-Net_delta_1_calib.npz,.npz,6204.8
results/conformal/2023__CALM-Net_delta_2_bins.csv,.csv,0.3
results/conformal/2023__CALM-Net_delta_2_calib.npz,.npz,6204.2
results/conformal/2023__MC-Dropout_bins.csv,.csv,0.3
results/conformal/2023__MC-Dropout_calib.npz,.npz,6198.8
results/conformal/2023__Quantile_Reg._bins.csv,.csv,0.3
results/conformal/2023__Quantile_Reg._calib.npz,.npz,6205.4
results/conformal/2023__v2__CALM-Net_crossconf.npz,.npz,29510.3
results/conformal/2023__v2__CALM-Net_bins.csv,.csv,0.4
results/conformal/2023__v2__CALM-Net_calib.npz,.npz,6204.1
results/conformal/2023__v2__CRISP-Net_crossconf.npz,.npz,29461.5
results/conformal/2023__v2__CRISP-Net_calib.npz,.npz,9179.9
results/conformal/2023__v2__CRISP-Net_w_o_gates_crossconf.npz,.npz,29462.0
results/conformal/2023__v2__CRISP-Net_w_o_gates_calib.npz,.npz,9179.5
results/conformal/2023__v2__CRISP-Net_w_o_PRI_crossconf.npz,.npz,29484.9
results/conformal/2023__v2__CRISP-Net_w_o_PRI_calib.npz,.npz,9177.8
results/conformal/2023__v2__MC-Dropout_crossconf.npz,.npz,29244.8
results/conformal/2023__v2__MC-Dropout_calib.npz,.npz,9176.1
results/conformal/2023__v2__AGCRN_transfer.npz,.npz,20497.6
results/conformal/2023__v2__AGCRN_transfer_bins.csv,.csv,0.5
results/conformal/2023__v2__Graph_WaveNet_transfer.npz,.npz,20457.0
results/conformal/2023__v2__Graph_WaveNet_transfer_bins.csv,.csv,0.5
results/conformal/2023__v2__TDAG-Net_transfer.npz,.npz,20477.3
results/conformal/2023__v2__TDAG-Net_transfer_bins.csv,.csv,0.5
results/conformal/2023__v2__TDAG-Net_Input-Splitter_transfer.npz,.npz,20479.5
results/conformal/2023__v2__TDAG-Net_Input-Splitter_transfer_bins.csv,.csv,0.5
results/conformal/2023__v2__Deep_Ensemble_bins.csv,.csv,0.6
results/conformal/2023__v2__CRISP-Net_bins.csv,.csv,0.5
results/conformal/2023__v2__CRISP-Net_w_o_gates_bins.csv,.csv,0.6
results/conformal/2023__v2__CRISP-Net_w_o_PRI_bins.csv,.csv,0.6
results/conformal/2023__v2__MC-Dropout_bins.csv,.csv,0.5
results/conformal/2023__v2__CRISP-Net_raw_pooled_mondrian.csv,.csv,1.3
exports/CALMNet_paper_bundle_2023.zip,.zip,72356.0
exports/RESULTS_SUMMARY.md,.md,9.8
exports/asset_manifest.csv,.csv,30.8
exports/CRISPNet_paper_bundle_2023.zip,.zip,343365.1
logs/calmnet_20260815.log,.log,354.4
logs/calmnet_20260816.log,.log,131.4
logs/calmnet_20260817.log,.log,98.6
logs/crispnet_20260817.log,.log,22.6
